Explo;Plot_ID;plotType;rw;hw;elevation;slope;aspect;SOIL;PLANTS;LANDUSE
A;A11087;GP;3521200;5371500;751;9,32;214;yes;yes;yes
A;A11291;GP;3521300;5371500;755;5,23;175;yes;yes;yes
A;A11292;GP;3521300;5371600;763;5,29;142;yes;yes;yes
A;A11495;EP;3521400;5371500;752;3,44;154;yes;yes;yes
A;A11496;GP;3521400;5371600;759;4,26;166;yes;yes;yes
A;A11823;GP;3521600;5363500;731;4,82;145;yes;yes;yes
A;A12110;GP;3521700;5371800;743;3,08;11;yes;yes;yes
A;A12111;GP;3521700;5371900;738;4,02;34;yes;yes;yes
A;A12307;GP;3521800;5371100;732;6,93;299;yes;yes;yes
A;A12314;GP;3521800;5371800;749;8,8;303;yes;yes;yes
A;A12315;GP;3521800;5371900;741;6,39;325;yes;yes;yes
A;A12511;GP;3521900;5371100;739;6,75;307;yes;yes;yes
A;A12715;GP;3522000;5371100;745;6;337;yes;yes;yes
A;A12920;GP;3522100;5371200;750;4,48;254;yes;yes;yes
A;A12928;GP;3522100;5372000;731;4,48;326;yes;yes;yes
A;A13124;EP;3522200;5371200;757;3,69;279;yes;yes;yes
A;A13331;GP;3522300;5371500;763;4,43;305;yes;yes;yes
A;A13534;GP;3522400;5371400;766;1,8;164;yes;yes;yes
A;A13535;GP;3522400;5371500;765;2,56;1;yes;yes;yes
A;A13739;GP;3522500;5371500;764;2,33;49;yes;yes;yes
A;A14140;GP;3522700;5371400;743;7,82;100;yes;yes;yes
A;A14343;GP;3522800;5371300;732;5,61;71;yes;yes;yes
A;A14344;GP;3522800;5371400;730;6,87;74;yes;yes;yes
A;A14547;GP;3522900;5371300;723;6,67;55;yes;yes;yes
A;A14548;GP;3522900;5371400;718;7,8;67;yes;yes;yes
A;A14751;GP;3523000;5371300;711;7,25;91;yes;yes;yes
A;A15569;GP;3523400;5371500;709;6,63;177;yes;yes;yes
A;A15773;GP;3523500;5371495;708;4,73;165;yes;yes;yes
A;A18120;GP;3524700;5361400;771;2,8;134;yes;yes;yes
A;A18121;GP;3524700;5361500;771;2,51;63;yes;yes;yes
A;A18122;GP;3524700;5361600;766;6,83;37;yes;yes;yes
A;A18326;GP;3524800;5361600;758;9,3;27;yes;yes;yes
A;A19354;GP;3525300;5362400;690;2,1;330;yes;yes;yes
A;A19459;GP;3525300;5372900;771;4,08;140;yes;yes;yes
A;A19463;GP;3525300;5373300;774;5,62;350;no;yes;yes
A;A19557;VIP;3525400;5362300;691;2,85;103;yes;yes;yes
A;A19558;GP;3525400;5362400;689;2,81;52;yes;yes;yes
A;A19662;GP;3525400;5372800;765;5,05;177;yes;yes;yes
A;A19663;GP;3525400;5372900;772;3,59;186;yes;yes;yes
A;A19668;GP;3525400;5373400;768;1,92;318;yes;yes;yes
A;A19755;GP;3525500;5361705;700;6,87;46;yes;yes;no
A;A19756;GP;3525500;5361800;696;5,66;57;yes;yes;yes
A;A19871;GP;3525500;5373300;772;7,29;61;yes;yes;yes
A;A19872;GP;3525500;5373400;768;2,28;89;yes;yes;yes
A;A19959;GP;3525600;5361705;694;6,91;34;yes;yes;no
A;A20470;EP;3525780;5372020;764;5,07;66;yes;yes;yes
A;A20771;EP;3526015;5361315;713;4,86;217;yes;yes;yes
A;A20776;GP;3526000;5361800;742;5,93;145;yes;yes;yes
A;A20777;GP;3525995;5361900;748;9,62;60;yes;yes;yes
A;A20971;GP;3526100;5360900;720;6,94;279;yes;yes;yes
A;A20972;GP;3526100;5361000;716;6,16;298;yes;yes;yes
A;A20973;GP;3526100;5361100;710;4,47;292;no;yes;yes
A;A20975;GP;3526100;5361300;714;3,8;200;yes;yes;yes
A;A20982;GP;3526100;5362000;732;7,31;314;yes;yes;yes
A;A20983;GP;3526100;5362105;727;2,4;303;yes;yes;no
A;A21186;GP;3526200;5361995;744;7,61;332;yes;yes;yes
A;A21187;GP;3526200;5362100;733;6,81;327;yes;yes;no
A;A21647;GP;3526400;5367300;733;1,8;56;yes;yes;yes
A;A21648;GP;3526400;5367400;736;4,1;149;yes;yes;yes
A;A21699;EP;3526420;5372480;521;15,07;13;yes;yes;yes
A;A21793;GP;3526500;5361500;745;3,47;229;yes;yes;yes
A;A21849;GP;3526500;5367100;728;4,44;155;yes;yes;yes
A;A21850;EP;3526505;5367220;733;3,02;91;yes;yes;yes
A;A21903;GP;3526500;5372500;511;15,7;20;yes;yes;yes
A;A21996;GP;3526600;5361400;736;8,14;177;yes;yes;yes
A;A22002;GP;3526600;5362000;747;5,41;196;yes;yes;yes
A;A22003;GP;3526595;5362100;754;3,62;147;yes;yes;yes
A;A22026;EP;3526600;5364400;685;4,13;210;yes;yes;yes
A;A22052;GP;3526600;5367000;712;9,39;117;yes;yes;yes
A;A22054;GP;3526600;5367200;726;6,43;121;yes;yes;yes
A;A22055;GP;3526600;5367300;728;3,53;48;yes;yes;yes
A;A22108;GP;3526600;5372600;493;4,43;352;yes;yes;yes
A;A22200;GP;3526700;5361400;737;5,32;206;yes;yes;yes
A;A22207;GP;3526700;5362100;745;4,94;40;yes;yes;yes
A;A22420;GP;3526800;5363000;683;13,76;242;yes;yes;yes
A;A22610;EP;3526900;5361600;740;7,12;180;yes;yes;yes
A;A22611;GP;3526900;5361700;749;2,55;188;yes;yes;yes
A;A22615;GP;3526900;5362100;742;10,25;202;yes;yes;yes
A;A22624;GP;3526900;5363000;697;4,52;230;yes;yes;yes
A;A22625;GP;3526900;5363100;689;5,42;283;yes;yes;yes
A;A2277;EP;3515825;5360120;750;11,13;225;yes;yes;yes
A;A22816;GP;3527000;5361800;735;11,02;85;yes;yes;yes
A;A22818;GP;3527000;5362000;729;8,68;76;yes;yes;yes
A;A22819;GP;3527000;5362100;744;12,68;168;yes;yes;yes
A;A23020;GP;3527100;5361800;723;3,54;73;yes;yes;yes
A;A23204;GP;3527200;5359800;730;4,58;140;yes;yes;yes
A;A23233;GP;3527200;5362700;691;7,24;236;yes;yes;yes
A;A23234;GP;3527200;5362800;698;6,78;240;yes;yes;yes
A;A23408;GP;3527300;5359800;726;2,94;119;yes;yes;yes
A;A23427;GP;3527300;5361700;732;8,55;257;yes;yes;yes
A;A23428;GP;3527300;5361800;731;8,76;282;yes;yes;yes
A;A23633;GP;3527400;5361900;740;8,58;298;no;yes;yes
A;A23816;GP;3527500;5359800;726;3,06;228;yes;yes;yes
A;A23838;GP;3527500;5362000;747;6,21;299;yes;yes;yes
A;A23946;GP;3527500;5372800;465;5,12;23;yes;yes;yes
A;A24021;GP;3527600;5359900;731;1,55;203;yes;yes;yes
A;A24061;GP;3527600;5363900;671;8,23;191;yes;yes;yes
A;A24064;GP;3527600;5364200;672;7,91;80;yes;yes;yes
A;A24225;GP;3527700;5359900;731;0,97;156;yes;yes;yes
A;A24265;GP;3527700;5363900;674;7,8;185;yes;yes;yes
A;A24469;GP;3527800;5363900;670;9,61;110;yes;yes;yes
A;A24652;GP;3527900;5361800;806;9,36;251;yes;yes;yes
A;A24657;EP;3527920;5362310;707;11,05;326;yes;yes;yes
A;A24854;VIP;3527985;5361580;795;10,23;225;yes;yes;yes
A;A24855;GP;3528000;5361700;814;10,53;230;yes;yes;yes
A;A25278;GP;3528200;5363200;699;15,11;156;yes;yes;yes
A;A25463;GP;3528300;5361305;776;8,21;168;yes;yes;no
A;A25464;GP;3528300;5361400;789;8,52;158;yes;yes;yes
A;A25668;GP;3528400;5361400;781;7,97;139;yes;yes;yes
A;A27539;GP;3529300;5365500;787;6,15;289;yes;yes;yes
A;A27679;GP;3529400;5359100;708;2,93;180;yes;yes;yes
A;A27742;GP;3529400;5365400;795;3,96;256;yes;yes;yes
A;A27743;GP;3529400;5365500;796;4,89;267;yes;yes;yes
A;A27883;GP;3529500;5359100;708;1,69;76;yes;yes;yes
A;A27907;GP;3529500;5361500;679;2,18;123;yes;yes;yes
A;A27945;GP;3529500;5365300;798;4,34;235;yes;yes;yes
A;A27946;GP;3529500;5365400;802;4,28;245;yes;yes;yes
A;A28088;EP;3529600;5359200;697;8,28;3;yes;yes;yes
A;A28111;GP;3529600;5361500;677;5,34;110;yes;yes;yes
A;A28317;GP;3529705;5361700;659;4,32;75;yes;yes;yes
A;A28322;GP;3529700;5362200;678;20,82;233;yes;yes;yes
A;A28323;GP;3529700;5362300;703;19,86;229;yes;yes;yes
A;A28497;GP;3529800;5359300;689;3,14;38;yes;yes;yes
A;A28522;GP;3529800;5361800;651;3,48;240;yes;yes;yes
A;A28701;GP;3529900;5359300;685;5,76;23;yes;yes;yes
A;A28702;GP;3529900;5359400;682;6,91;59;yes;yes;yes
A;A28724;GP;3529900;5361600;650;4,67;245;yes;yes;yes
A;A28727;GP;3529900;5361900;681;12,33;215;yes;yes;yes
A;A28728;GP;3529900;5362000;700;16,73;223;yes;yes;yes
A;A28729;GP;3529900;5362100;719;15,09;224;yes;yes;yes
A;A28931;GP;3530000;5361895;678;14,86;156;yes;yes;yes
A;A28932;EP;3529985;5362000;704;13,14;153;yes;yes;yes
A;A29331;GP;3530200;5361100;648;0,84;146;yes;yes;yes
A;A29517;GP;3530300;5359300;711;21,64;218;yes;yes;yes
A;A29524;GP;3530300;5360000;737;7,24;119;yes;yes;yes
A;A29535;GP;3530300;5361100;648;0,43;173;yes;yes;yes
A;A29720;GP;3530400;5359200;677;23,47;198;yes;yes;yes
A;A29728;GP;3530400;5360000;734;4,5;190;yes;yes;yes
A;A29739;GP;3530400;5361100;648;2,7;175;yes;yes;yes
A;A29745;GP;3530400;5361700;714;11,13;322;yes;yes;yes
A;A29949;GP;3530500;5361700;726;13,08;334;yes;yes;yes
A;A30361;EP;3530700;5362120;715;9,98;212;yes;yes;yes
A;A30547;GP;3530800;5360300;745;4,81;66;yes;yes;yes
A;A30555;GP;3530800;5361100;675;4,95;211;yes;yes;yes
A;A30556;GP;3530800;5361200;683;7,63;192;no;yes;yes
A;A30566;GP;3530800;5362200;728;4,52;37;yes;yes;yes
A;A30760;GP;3530900;5361200;687;8,96;199;yes;yes;yes
A;A30770;GP;3530900;5362200;723;7,06;47;yes;yes;yes
A;A31160;VIP;3531105;5360425;660;10,58;73;yes;yes;yes
A;A31174;GP;3531100;5361800;721;3,99;137;yes;yes;yes
A;A31363;GP;3531200;5360300;644;7,24;82;yes;yes;yes
A;A31364;GP;3531200;5360400;644;4,24;118;yes;yes;yes
A;A31365;GP;3531200;5360500;644;3,62;86;yes;yes;yes
A;A31377;GP;3531200;5361700;712;3,32;48;yes;yes;yes
A;A31378;GP;3531200;5361800;716;6,5;176;yes;yes;yes
A;A31379;GP;3531200;5361900;723;1,11;135;yes;yes;yes
A;A31489;GP;3531200;5372905;670;7,96;352;yes;yes;yes
A;A31585;GP;3531300;5362100;709;3,14;42;yes;yes;yes
A;A31789;GP;3531400;5362100;711;5,41;335;yes;yes;yes
A;A31838;GP;3531400;5367000;822;10,5;152;yes;yes;yes
A;A31991;GP;3531500;5361900;705;5,94;159;yes;yes;yes
A;A31993;GP;3531500;5362100;710;5,59;50;yes;yes;yes
A;A32042;EP;3531540;5366950;816;1,73;135;yes;yes;yes
A;A32195;EP;3531600;5361910;702;6,13;155;yes;yes;yes
A;A32198;GP;3531600;5362200;698;2,58;102;yes;yes;yes
A;A32245;GP;3531600;5366900;815;2,81;20;yes;yes;no
A;A32246;GP;3531600;5367000;818;9,19;169;yes;yes;yes
A;A32401;GP;3531700;5362100;690;6,74;167;yes;yes;no
A;A32508;GP;3531700;5372800;678;7,95;341;yes;yes;yes
A;A32681;GP;3531800;5369700;708;7,02;319;yes;yes;yes
A;A32682;GP;3531805;5369800;698;7,87;323;yes;yes;yes
A;A32683;GP;3531800;5369900;687;10,19;300;yes;yes;yes
A;A32813;GP;3531900;5362500;687;7,06;159;yes;yes;yes
A;A32886;GP;3531900;5369785;706;7,84;331;yes;yes;yes
A;A33017;GP;3532000;5362500;683;6,28;171;yes;yes;yes
A;A33018;GP;3532000;5362600;688;3,19;133;yes;yes;yes
A;A33058;GP;3532000;5366600;793;10,58;137;yes;yes;yes
A;A33185;GP;3532100;5358905;651;14,87;198;yes;yes;yes
A;A33186;GP;3532100;5358995;667;14,93;219;yes;yes;yes
A;A33217;GP;3532100;5362100;674;18,04;315;yes;yes;yes
A;A33227;GP;3532100;5363100;681;11,02;285;yes;yes;no
A;A33228;GP;3532100;5363200;685;9,14;208;yes;yes;no
A;A33243;GP;3532100;5364700;752;6,57;8;yes;yes;yes
A;A33260;GP;3532100;5366400;775;5,65;270;yes;yes;yes
A;A33261;GP;3532100;5366500;778;5,19;223;yes;yes;yes
A;A33268;GP;3532100;5367200;785;6,55;285;yes;yes;no
A;A33269;GP;3532100;5367300;783;6,51;294;yes;yes;no
A;A33272;GP;3532100;5367600;715;6,43;15;yes;yes;yes
A;A33332;GP;3532100;5373595;650;2,82;297;yes;yes;yes
A;A33333;GP;3532100;5373700;647;2,59;307;yes;yes;yes
A;A33334;GP;3532100;5373805;643;4,31;320;yes;yes;yes
A;A33389;GP;3532200;5358900;650;21,21;194;yes;yes;yes
A;A33401;GP;3532200;5360100;670;14,54;342;yes;yes;yes
A;A33422;GP;3532200;5362200;676;8,91;312;yes;yes;yes
A;A33431;GP;3532200;5363100;697;3,24;218;yes;yes;no
A;A33443;GP;3532200;5364300;764;2,53;254;yes;yes;yes
A;A33444;GP;3532200;5364400;766;2,28;240;yes;yes;yes
A;A33445;GP;3532200;5364495;767;1,61;267;yes;yes;no
A;A33447;GP;3532200;5364700;753;9,23;343;yes;yes;yes
A;A33476;GP;3532200;5367600;711;6,14;27;yes;yes;yes
A;A33497;GP;3532200;5369700;697;11,46;20;yes;yes;yes
A;A33537;GP;3532200;5373700;650;2,55;304;yes;yes;yes
A;A33605;EP;3532300;5360110;682;13,88;303;yes;yes;yes
A;A33626;EP;3532280;5362220;681;8,24;328;yes;yes;yes
A;A33648;GP;3532300;5364400;769;1,06;258;yes;yes;yes
A;A33649;GP;3532300;5364500;768;1,81;18;yes;yes;yes
A;A33651;GP;3532300;5364695;757;8,81;19;yes;yes;yes
A;A33673;GP;3532295;5367000;756;10,99;107;yes;yes;yes
A;A33674;GP;3532300;5367000;754;10,74;106;yes;yes;yes
A;A33675;GP;3532300;5367095;758;10,7;106;yes;yes;yes
A;A33680;GP;3532300;5367600;704;6,76;37;yes;yes;yes
A;A33701;GP;3532300;5369700;698;11,07;349;yes;yes;yes
A;A33809;GP;3532400;5360100;695;4,91;297;yes;yes;yes
A;A33936;GP;3532400;5372800;719;2,65;288;yes;yes;yes
A;A34014;GP;3532500;5360200;693;13,38;342;yes;yes;yes
A;A34033;GP;3532500;5362100;714;3,3;301;yes;yes;yes
A;A34036;GP;3532500;5362405;668;10,45;225;yes;yes;yes
A;A34068;GP;3532500;5365600;736;7,24;71;yes;yes;yes
A;A34069;GP;3532500;5365700;734;5,35;189;yes;yes;no
A;A34076;GP;3532500;5366400;793;7,84;13;yes;yes;yes
A;A34085;GP;3532500;5367300;735;11,68;126;yes;yes;yes
A;A34087;GP;3532500;5367500;710;7,06;4;yes;yes;yes
A;A34140;GP;3532500;5372800;723;3,06;309;yes;yes;yes
A;A34237;VIP;3532600;5362100;718;2,79;275;yes;yes;yes
A;A34240;GP;3532600;5362405;673;11,17;186;yes;yes;yes
A;A34272;GP;3532600;5365605;737;10,7;232;no;yes;yes
A;A34280;GP;3532595;5366400;787;8,57;38;yes;yes;yes
A;A34291;GP;3532600;5367500;708;5,19;24;yes;yes;yes
A;A34425;GP;3532700;5360500;717;3,9;214;yes;yes;yes
A;A34426;GP;3532700;5360600;722;3,6;245;yes;yes;yes
A;A34441;GP;3532700;5362100;721;2,13;250;yes;yes;yes
A;A34445;GP;3532700;5362500;684;13;157;yes;yes;yes
A;A34484;GP;3532700;5366400;775;10,59;41;yes;yes;yes
A;A34530;GP;3532700;5371000;735;8,32;273;yes;yes;yes
A;A34531;GP;3532700;5371100;733;7,31;285;yes;yes;yes
A;A34651;VIP;3532780;5362700;711;7,22;164;yes;yes;yes
A;A34676;GP;3532800;5365200;732;4,18;108;yes;yes;yes
A;A34855;GP;3532900;5362700;711;7,97;187;yes;yes;yes
A;A34956;GP;3532900;5372800;746;4,12;277;yes;yes;yes
A;A34957;GP;3532900;5372900;743;6,91;298;yes;yes;yes
A;A35059;GP;3533000;5362700;711;8,72;177;yes;yes;yes
A;A35065;GP;3533000;5363300;715;7,58;164;yes;yes;no
A;A35066;GP;3533000;5363400;720;1,66;100;yes;yes;no
A;A35069;GP;3532995;5363700;723;3,99;51;yes;yes;no
A;A35070;GP;3533000;5363800;720;7,78;115;yes;yes;no
A;A35071;GP;3533005;5363900;721;12,1;100;yes;yes;no
A;A35072;GP;3533000;5364000;729;8,35;83;yes;yes;no
A;A35159;GP;3533000;5372700;749;2,18;228;yes;yes;yes
A;A35160;GP;3533000;5372800;751;2,25;265;yes;yes;yes
A;A35283;EP;3533100;5364700;720;16,64;232;yes;yes;yes
A;A35284;GP;3533100;5364805;738;15,08;238;yes;yes;yes
A;A35462;GP;3533200;5362200;726;6,22;315;yes;yes;yes
A;A35463;EP;3533200;5362300;720;6,1;316;yes;yes;yes
A;A35464;GP;3533200;5362400;715;6,43;243;yes;yes;yes
A;A35487;GP;3533200;5364700;736;17,28;170;yes;yes;no
A;A35488;GP;3533200;5364800;750;2,1;125;no;yes;no
A;A35489;GP;3533200;5364900;751;1,77;268;yes;yes;no
A;A35563;GP;3533200;5372300;749;7,35;326;yes;yes;yes
A;A35671;GP;3533305;5362700;735;8,47;317;yes;yes;no
A;A35764;GP;3533300;5372000;776;2,15;309;yes;yes;yes
A;A35767;EP;3533240;5372335;747;6,81;337;yes;yes;yes
A;A35768;GP;3533300;5372400;742;8,74;340;yes;yes;yes
A;A35875;GP;3533400;5362700;739;9,36;9;yes;yes;no
A;A35966;GP;3533400;5371800;771;3,54;146;no;yes;no
A;A35967;GP;3533400;5371900;776;2,5;154;no;yes;no
A;A36483;GP;3533700;5362300;742;6,05;344;yes;yes;yes
A;A36486;GP;3533700;5362600;735;5,07;347;yes;yes;yes
A;A36492;GP;3533700;5363200;701;5,09;356;yes;yes;yes
A;A36513;GP;3533700;5365300;751;7,48;253;yes;yes;yes
A;A36687;GP;3533800;5362300;746;5,79;337;yes;yes;yes
A;A36690;GP;3533800;5362600;739;5,31;321;yes;yes;yes
A;A36692;EP;3533800;5362800;724;5,82;329;yes;yes;yes
A;A36696;GP;3533800;5363200;702;4,71;0;yes;yes;yes
A;A36715;GP;3533800;5365100;748;7,07;232;yes;yes;yes
A;A36716;GP;3533800;5365195;752;2,83;190;yes;yes;yes
A;A36859;GP;3533900;5359100;626;0,31;124;yes;yes;no
A;A36931;GP;3533900;5366300;705;10,82;13;yes;yes;yes
A;A36932;GP;3533900;5366400;688;9,74;8;yes;yes;yes
A;A36949;GP;3533900;5368100;684;10,47;303;yes;yes;yes
A;A36956;EP;3533900;5368820;697;6,44;261;yes;yes;yes
A;A37063;GP;3534000;5359100;626;0,29;144;yes;yes;no
A;A37099;EP;3533985;5362715;734;4,32;8;yes;yes;yes
A;A37266;GP;3534100;5359000;625;0,42;91;yes;yes;no
A;A37306;GP;3534100;5363000;723;4,82;356;yes;yes;yes
A;A37328;GP;3534100;5365200;763;10,83;259;yes;yes;no
A;A37339;GP;3534100;5366300;704;6,15;320;yes;yes;yes
A;A37367;EP;3534100;5369100;728;8,12;242;yes;yes;yes
A;A37509;GP;3534200;5362900;724;3,39;353;yes;yes;yes
A;A37510;GP;3534205;5363000;716;7,81;28;yes;yes;yes
A;A37682;GP;3534300;5359805;729;6,84;345;yes;yes;yes
A;A37713;GP;3534300;5362900;725;3,62;2;yes;yes;yes
A;A37795;GP;3534300;5371095;748;3,74;341;no;yes;no
A;A37886;GP;3534400;5359800;734;5,34;331;yes;yes;yes
A;A38167;GP;3534500;5367500;686;5,37;157;yes;yes;yes
A;A38168;GP;3534500;5367600;686;4,47;2;yes;yes;yes
A;A38525;EP;3534700;5363200;720;5,97;329;yes;yes;yes
A;A38673;GP;3534800;5358400;622;0,77;86;yes;yes;yes
A;A38764;GP;3534800;5367500;693;3,47;339;yes;yes;yes
A;A38960;GP;3534900;5367500;696;3,91;332;yes;yes;yes
A;A39120;GP;3535000;5363900;696;9,28;13;yes;yes;yes
A;A39155;GP;3535000;5367400;703;5,62;255;yes;yes;yes
A;A39272;GP;3535100;5359700;733;8,82;122;yes;yes;yes
A;A39275;VIP;3535100;5360000;753;6,18;107;yes;yes;yes
A;A39314;GP;3535100;5363900;692;7,22;5;yes;yes;yes
A;A39473;GP;3535200;5360000;741;7,34;116;yes;yes;yes
A;A39946;GP;3535400;5367400;743;10,95;207;yes;yes;yes
A;A39960;GP;3535400;5368800;706;4,58;283;yes;yes;yes
A;A40119;GP;3535500;5364700;750;16,1;265;yes;yes;yes
A;A40146;GP;3535500;5367400;753;7,69;203;yes;yes;yes
A;A40158;GP;3535500;5368600;718;8,81;271;yes;yes;yes
A;A40160;GP;3535500;5368800;714;6,36;301;yes;yes;yes
A;A40172;GP;3535500;5370000;724;2,02;102;yes;yes;yes
A;A40173;GP;3535500;5370100;724;0,87;73;yes;yes;yes
A;A40174;GP;3535500;5370200;724;1,13;199;yes;yes;yes
A;A40175;GP;3535500;5370295;726;1,54;198;yes;yes;yes
A;A40319;GP;3535605;5364600;766;7,4;189;yes;yes;yes
A;A40320;EP;3535600;5364705;767;5,99;40;yes;yes;yes
A;A40351;GP;3535600;5367800;774;3,73;285;yes;yes;yes
A;A40352;GP;3535600;5367900;766;6,9;311;yes;yes;yes
A;A40355;GP;3535600;5368200;760;3,95;251;yes;yes;yes
A;A40358;GP;3535600;5368500;736;13,3;270;yes;yes;yes
A;A40503;GP;3535700;5363000;774;2,03;204;yes;yes;no
A;A40551;GP;3535700;5367800;780;5,58;271;yes;yes;yes
A;A40555;GP;3535700;5368200;768;7,76;266;yes;yes;yes
A;A40686;GP;3535800;5361300;784;2,55;129;yes;yes;yes
A;A40687;GP;3535800;5361400;785;1,72;162;yes;yes;yes
A;A40703;GP;3535800;5363000;770;5,03;118;yes;yes;yes
A;A40766;GP;3535800;5369300;752;2,61;163;yes;yes;yes
A;A40886;GP;3535900;5361300;778;4,93;126;yes;yes;yes
A;A40887;GP;3535900;5361400;783;4,25;131;yes;yes;yes
A;A40959;GP;3535900;5368605;783;5,77;288;yes;yes;yes
A;A40966;GP;3535900;5369300;750;2,64;167;yes;yes;yes
A;A40972;GP;3535900;5369905;708;5,33;265;yes;yes;yes
A;A41085;GP;3536000;5361200;767;7,69;161;yes;yes;yes
A;A41086;GP;3536000;5361300;776;4,13;163;yes;yes;yes
A;A41087;GP;3536000;5361400;778;4,29;49;yes;yes;yes
A;A41151;GP;3536000;5367800;803;1,73;251;yes;yes;yes
A;A41159;GP;3536000;5368595;793;5,32;296;yes;yes;yes
A;A41160;GP;3536000;5368700;788;7,74;310;yes;yes;yes
A;A41171;GP;3536000;5369800;715;5,22;254;yes;yes;yes
A;A41172;EP;3536000;5369900;715;3,8;276;yes;yes;yes
A;A41173;GP;3536000;5370000;714;3,56;286;yes;yes;yes
A;A41285;GP;3536100;5361200;760;5,43;142;yes;yes;yes
A;A41286;GP;3536100;5361300;768;8,36;121;yes;yes;yes
A;A41296;GP;3536100;5362300;759;3,82;333;yes;yes;yes
A;A41334;GP;3536100;5366100;730;6,47;53;yes;yes;yes
A;A41335;GP;3536100;5366200;722;6,35;36;yes;yes;yes
A;A41351;GP;3536100;5367800;804;1,71;136;yes;yes;yes
A;A41352;GP;3536100;5367900;806;2,72;163;yes;yes;yes
A;A41366;GP;3536100;5369305;750;5,13;176;yes;yes;yes
A;A41696;GP;3536300;5362300;766;7,34;244;yes;yes;yes
A;A41756;GP;3536300;5368305;807;3,66;84;yes;yes;yes
A;A41943;GP;3536400;5366695;763;5,14;280;yes;yes;yes
A;A41949;GP;3536405;5367300;764;8,21;231;yes;yes;yes
A;A41958;GP;3536400;5368200;806;3,47;66;yes;yes;yes
A;A41959;EP;3536400;5368300;802;5,2;58;yes;yes;yes
A;A41982;GP;3536400;5370600;724;6,11;359;yes;yes;yes
A;A42102;GP;3536500;5362200;768;2,25;124;yes;yes;yes
A;A42103;GP;3536500;5362300;769;9,52;108;yes;yes;yes
A;A42131;VIP;3536500;5365100;760;3,74;14;yes;yes;yes
A;A42147;GP;3536500;5366700;771;4,61;280;yes;yes;yes
A;A42161;GP;3536500;5368100;805;3,42;34;yes;yes;yes
A;A42175;EP;3536485;5369485;784;3,38;207;yes;yes;yes
A;A42176;GP;3536500;5369600;789;4,21;242;yes;yes;yes
A;A42185;GP;3536500;5370500;734;2,38;296;yes;yes;yes
A;A42186;GP;3536500;5370600;725;5,8;323;yes;yes;yes
A;A42305;GP;3536600;5362100;770;2,37;258;yes;yes;yes
A;A42306;EP;3536620;5362190;769;2,78;341;yes;yes;yes
A;A42335;GP;3536600;5365100;752;9,56;42;yes;yes;yes
A;A42365;GP;3536600;5368100;802;5,98;24;yes;yes;yes
A;A42366;GP;3536600;5368200;790;6,78;39;yes;yes;yes
A;A42379;GP;3536600;5369500;785;2,89;181;yes;yes;yes
A;A42380;GP;3536600;5369600;791;3,13;186;yes;yes;yes
A;A42384;GP;3536600;5370000;745;9,61;36;yes;yes;yes
A;A42385;GP;3536600;5370100;734;7,78;37;yes;yes;yes
A;A42386;GP;3536600;5370200;724;5,08;53;yes;yes;yes
A;A42389;GP;3536600;5370500;732;3,58;145;yes;yes;yes
A;A42538;GP;3536700;5365000;749;8,3;75;yes;yes;yes
A;A42539;GP;3536700;5365100;741;9,2;67;yes;yes;yes
A;A42584;GP;3536700;5369600;789;3,69;110;yes;yes;yes
A;A42588;GP;3536705;5370000;744;9,66;321;yes;yes;yes
A;A42589;GP;3536700;5370100;728;7,21;357;yes;yes;yes
A;A42699;GP;3536800;5360700;790;6,2;199;yes;yes;no
A;A42788;GP;3536795;5369600;783;5,87;83;yes;yes;yes
A;A42895;GP;3536895;5360700;793;4,4;237;yes;yes;no
A;A43134;EP;3536985;5365015;749;10,23;202;yes;yes;yes
A;A43135;GP;3537000;5365100;772;13,53;198;yes;yes;yes
A;A43172;GP;3537000;5368800;766;4,68;306;yes;yes;yes
A;A43328;GP;3537100;5365000;748;15,72;169;yes;yes;yes
A;A43365;GP;3537100;5368700;780;6,78;297;yes;yes;yes
A;A43366;EP;3537100;5368800;774;6,37;294;yes;yes;yes
A;A43368;GP;3537100;5369000;765;4,19;316;yes;yes;yes
A;A43369;GP;3537100;5369100;759;3,98;348;yes;yes;yes
A;A43374;GP;3537100;5369600;738;5,09;80;yes;yes;yes
A;A43375;GP;3537100;5369700;744;5,41;178;yes;yes;yes
A;A43489;GP;3537200;5361700;734;7,45;23;yes;yes;yes
A;A43566;GP;3537200;5369395;742;4,95;75;yes;yes;yes
A;A43567;GP;3537195;5369500;740;7,28;359;yes;yes;yes
A;A43569;GP;3537200;5369700;743;5,1;141;yes;yes;yes
A;A43570;GP;3537200;5369800;738;6,9;13;yes;yes;yes
A;A43687;VIP;3537310;5361995;743;13,33;206;yes;yes;yes
A;A43688;GP;3537300;5362100;767;15,35;219;yes;yes;yes
A;A43718;GP;3537300;5365100;741;17,35;90;yes;yes;yes
A;A43881;GP;3537400;5361700;733;6,46;346;yes;yes;yes
A;A43884;GP;3537400;5362000;752;13,87;187;yes;yes;yes
A;A43885;GP;3537400;5362100;777;13,05;188;yes;yes;yes
A;A43886;GP;3537400;5362200;785;4,53;23;yes;yes;yes
A;A43917;GP;3537400;5365300;744;19,46;230;yes;yes;yes
A;A43918;GP;3537400;5365395;760;20,24;248;yes;yes;yes
A;A43952;GP;3537400;5368800;813;2,97;50;yes;yes;yes
A;A43953;EP;3537400;5368900;810;2,72;48;yes;yes;yes
A;A43954;GP;3537400;5369000;805;5,74;34;yes;yes;yes
A;A44082;GP;3537500;5362000;748;15,95;147;yes;yes;yes
A;A45096;GP;3538000;5362100;803;3,6;133;yes;yes;yes
A;A45097;GP;3538000;5362200;809;4,36;148;yes;yes;yes
A;A45122;EP;3538000;5364700;716;1,45;238;yes;yes;yes
A;A45299;GP;3538100;5362000;798;5,38;204;yes;yes;yes
A;A45303;GP;3538100;5362400;810;3,14;316;yes;yes;yes
A;A45304;GP;3538100;5362495;808;2,7;312;yes;yes;yes
A;A45305;GP;3538100;5362600;804;2,72;343;yes;yes;yes
A;A45308;GP;3538100;5362895;803;10,85;207;yes;yes;yes
A;A45310;EP;3538090;5363080;797;8,47;336;yes;yes;yes
A;A45503;GP;3538200;5362000;801;3,59;194;yes;yes;yes
A;A45512;GP;3538200;5362900;807;7,6;166;yes;yes;yes
A;A45513;GP;3538200;5363000;808;4,68;13;yes;yes;yes
A;A46088;EP;3538500;5359900;729;6,13;240;yes;yes;yes
A;A46089;GP;3538500;5360000;732;7,19;262;yes;yes;yes
A;A46090;GP;3538500;5360100;733;7,44;267;yes;yes;yes
A;A46106;GP;3538500;5361700;812;5,75;245;yes;yes;yes
A;A46107;GP;3538500;5361800;814;4,58;236;yes;yes;yes
A;A46113;GP;3538500;5362400;818;2,35;114;yes;yes;yes
A;A46114;EP;3538460;5362520;813;5,72;18;yes;yes;yes
A;A46308;GP;3538600;5361700;817;3,36;207;yes;yes;yes
A;A46315;GP;3538600;5362400;809;8,32;78;yes;yes;yes
A;A46498;GP;3538700;5360500;758;4,33;218;yes;yes;yes
A;A46499;GP;3538700;5360600;763;3,23;229;yes;yes;yes
A;A46500;EP;3538700;5360700;765;3,76;257;yes;yes;yes
A;A46902;GP;3538900;5360800;774;1,13;206;yes;yes;yes
A;A47101;GP;3539000;5360800;776;2,37;209;yes;yes;yes
A;A48112;VIP;3539490;5363590;808;3,15;27;yes;yes;yes
A;A49542;EP;3540200;5364100;764;7,98;277;yes;yes;yes
A;A53194;GP;3541900;5363700;783;6,91;109;yes;yes;yes
A;A53406;GP;3542000;5362605;806;2,29;338;yes;yes;yes
A;A53417;EP;3542020;5363710;779;7,91;230;yes;yes;yes
A;A53641;GP;3542100;5363700;788;5,45;267;yes;yes;yes
A;A6091;GP;3518800;5361505;766;9;287;yes;yes;yes
A;A6503;GP;3519000;5361900;765;9,81;279;yes;yes;yes
A;A6504;GP;3519005;5362000;763;6,45;292;yes;yes;yes
A;A6505;GP;3519000;5362095;761;5,8;246;yes;yes;yes
A;A6702;GP;3519100;5361400;772;3,35;236;yes;yes;yes
A;A6704;GP;3519095;5361600;789;5,75;95;yes;yes;yes
A;A6912;GP;3519200;5362005;771;10,98;342;yes;yes;yes
A;A6913;GP;3519200;5362105;755;6,99;357;yes;yes;yes
A;A6914;GP;3519200;5362200;747;3,68;316;yes;yes;yes
A;A7115;GP;3519300;5361900;787;3,15;223;yes;yes;no
A;A7116;EP;3519300;5361995;786;9,74;317;yes;yes;yes
A;A8135;GP;3519800;5361900;773;5,5;65;yes;yes;yes
A;A8338;GP;3519900;5361800;764;6,56;129;yes;yes;yes
H;H12643;EP;4392000;5656500;373;8,47;50;yes;yes;yes
H;H12850;VIP;4389180;5683280;290;2,87;46;yes;yes;yes
H;H13708;EP;4392500;5660490;469;2,5;40;yes;yes;yes
H;H14529;EP;4392900;5660600;455;3,36;22;yes;yes;yes
H;H14707;VIP;4389700;5683010;296;3,69;358;yes;yes;yes
H;H15457;EP;4389910;5683590;303;2,8;288;yes;yes;yes
H;H16581;EP;4390200;5684380;312;3,16;248;yes;yes;no
H;H16781;EP;4394000;5660300;433;3,17;28;yes;yes;yes
H;H19568;EP;4391000;5685520;372;2,63;217;yes;yes;yes
H;H19577;EP;4391020;5686400;409;4,9;196;yes;yes;yes
H;H20001;GP;4375199;5671799;444;1,64;138;yes;yes;yes
H;H20002;GP;4375399;5671899;445;1,28;173;yes;yes;yes
H;H20003;EP;4375699;5672100;447;0,67;85;yes;yes;yes
H;H20004;GP;4375999;5672301;440;2,66;136;yes;yes;yes
H;H20005;GP;4376199;5672401;442;3,11;157;yes;yes;yes
H;H20006;GP;4376299;5672504;446;3,97;190;yes;yes;yes
H;H20007;GP;4377499;5673101;377;4,12;352;yes;yes;yes
H;H20008;GP;4377899;5673300;400;4,98;356;yes;yes;yes
H;H20009;GP;4377999;5673300;398;5,54;11;yes;yes;yes
H;H20010;GP;4378100;5673199;408;4,52;338;yes;yes;yes
H;H20011;GP;4378100;5673298;398;6,39;353;yes;yes;yes
H;H20012;GP;4378200;5673198;409;5,96;10;yes;yes;yes
H;H20013;GP;4378199;5673298;399;5,3;16;yes;yes;yes
H;H20014;GP;4379300;5673299;390;9,5;195;yes;yes;yes
H;H20015;GP;4379399;5673199;381;7,35;209;yes;yes;yes
H;H20016;GP;4379800;5672998;377;9,08;253;yes;yes;yes
H;H20017;GP;4379899;5672998;390;10,55;220;yes;yes;yes
H;H20018;GP;4380800;5672898;421;7,14;88;yes;yes;yes
H;H20019;GP;4380800;5672998;424;10,18;107;yes;yes;yes
H;H20101;GP;4397700;5663401;269;2,5;5;yes;yes;yes
H;H20102;GP;4397700;5663499;264;3,02;347;yes;yes;yes
H;H20103;GP;4397800;5663498;265;2,27;351;yes;yes;yes
H;H20104;GP;4399000;5661600;287;4,43;5;yes;yes;yes
H;H20105;GP;4399400;5660400;329;3,35;18;yes;yes;yes
H;H20106;EP;4399720;5661020;297;2,56;42;yes;yes;yes
H;H20107;GP;4399798;5660699;312;2,55;16;yes;yes;yes
H;H20108;GP;4399800;5660798;308;3,07;12;yes;yes;yes
H;H20109;GP;4399800;5660700;312;2,55;16;yes;yes;yes
H;H20110;GP;4399800;5660800;308;3,07;12;yes;yes;yes
H;H20111;GP;4399800;5661000;296;3,51;4;yes;yes;yes
H;H20112;GP;4399999;5665598;188;0,56;48;yes;yes;yes
H;H20113;GP;4400099;5665698;187;0,53;47;yes;yes;yes
H;H20114;GP;4398999;5661599;287;4,43;5;yes;yes;yes
H;H20115;GP;4399398;5660398;329;3,35;18;yes;yes;yes
H;H20116;EP;4400299;5661199;285;4,1;3;yes;yes;yes
H;H20117;GP;4400299;5661299;277;3,72;352;yes;yes;yes
H;H20118;GP;4400499;5661399;271;4,33;11;yes;yes;yes
H;H20119;GP;4400499;5661500;265;2,5;19;yes;yes;yes
H;H20120;GP;4400700;5662098;251;7,46;3;yes;yes;yes
H;H20121;EP;4401802;5662197;237;7,33;359;yes;yes;yes
H;H20201;GP;4392000;5656700;361;5,11;75;yes;yes;yes
H;H20202;GP;4392199;5659598;467;1,98;26;yes;yes;yes
H;H20203;GP;4392299;5659298;456;3,29;131;yes;yes;yes
H;H20204;GP;4392300;5659598;465;1,54;60;yes;yes;yes
H;H20205;GP;4392401;5656901;343;3,79;47;yes;yes;yes
H;H20206;GP;4392399;5659299;453;3,23;117;yes;yes;yes
H;H20207;GP;4392700;5656200;335;2,5;121;yes;yes;yes
H;H20208;GP;4392700;5656600;343;2,56;111;yes;yes;yes
H;H20209;GP;4392800;5656200;331;2,26;128;yes;yes;yes
H;H20210;GP;4392801;5656701;330;1,92;90;yes;yes;yes
H;H20211;GP;4393100;5660200;462;1,89;77;yes;yes;yes
H;H20212;GP;4393200;5659098;439;14,81;201;yes;yes;yes
H;H20213;GP;4393200;5660199;458;2,23;74;yes;yes;yes
H;H20214;GP;4393399;5658899;440;2,67;115;yes;yes;yes
H;H20215;EP;4393508;5658884;435;3,48;119;yes;yes;yes
H;H20216;GP;4393500;5660198;449;2,91;28;yes;yes;yes
H;H20217;GP;4393600;5660198;447;3,28;23;yes;yes;yes
H;H20218;GP;4393800;5660598;428;2,86;72;yes;yes;yes
H;H20219;GP;4393899;5660598;422;3,55;100;yes;yes;yes
H;H20220;GP;4394099;5659000;453;1,19;120;yes;yes;yes
H;H20221;GP;4394099;5659099;454;0,56;209;yes;yes;yes
H;H20222;GP;4394099;5659198;453;0,77;321;yes;yes;yes
H;H20223;GP;4394299;5658900;451;2,98;220;yes;yes;yes
H;H20224;GP;4394300;5659399;447;1,76;28;yes;yes;yes
H;H20225;GP;4394400;5658900;453;1,51;204;yes;yes;yes
H;H20226;GP;4394400;5659399;446;2,28;28;yes;yes;yes
H;H20227;GP;4394700;5658699;448;2,06;106;yes;yes;yes
H;H20228;GP;4394700;5658798;448;2,14;91;yes;yes;yes
H;H20229;GP;4394700;5658898;448;2,37;71;yes;yes;yes
H;H20230;GP;4394799;5658798;444;2,44;83;yes;yes;yes
H;H20231;GP;4394799;5658901;444;2,89;78;yes;yes;yes
H;H20232;GP;4394799;5659001;442;3,01;63;yes;yes;yes
H;H20233;GP;4395199;5655799;309;2,98;143;yes;yes;yes
H;H20234;GP;4395200;5657201;398;4,4;57;yes;yes;yes
H;H20235;GP;4395301;5657101;394;3,55;78;yes;yes;yes
H;H20237;GP;4395400;5657201;381;11,34;42;yes;yes;yes
H;H20239;GP;4395500;5656297;337;6,05;164;yes;yes;yes
H;H20240;GP;4395500;5657198;365;14,37;37;yes;yes;yes
H;H20241;EP;4395600;5656198;323;5,73;154;yes;yes;yes
H;H20242;GP;4395701;5656197;320;5,63;155;yes;yes;yes
H;H20243;GP;4395798;5657699;393;1,66;325;yes;yes;yes
H;H20244;GP;4395800;5657800;391;0,72;111;yes;yes;yes
H;H20245;EP;4395901;5656297;319;5,41;151;yes;yes;yes
H;H20246;GP;4395898;5657699;390;2,69;55;yes;yes;yes
H;H20247;GP;4395899;5657799;389;2,16;85;yes;yes;yes
H;H20249;GP;4396000;5657700;385;3,58;78;yes;yes;yes
H;H20250;other;4392700;5659400;448;3,82;196;yes;yes;no
H;H20251;GP;4392698;5659499;452;3,22;105;yes;yes;yes
H;H20252;GP;4392799;5659408;446;3,5;111;yes;yes;yes
H;H20253;GP;4392798;5659498;446;3,22;84;yes;yes;yes
H;H20254;GP;4392900;5659398;435;8,08;130;yes;yes;yes
H;H20255;GP;4393000;5659298;443;13,48;280;yes;yes;yes
H;H20256;GP;4392996;5659397;442;9,42;339;yes;yes;yes
H;H20257;GP;4393100;5659198;447;3,04;76;yes;yes;yes
H;H20258;EP;4395499;5657100;381;6,35;48;yes;yes;yes
H;H20302;GP;4397000;5667999;195;2,49;319;yes;yes;no
H;H20303;GP;4400501;5673299;224;6,36;22;yes;yes;no
H;H20304;GP;4400601;5673298;226;10,81;351;yes;yes;no
H;H20305;GP;4400700;5672598;196;7,84;146;yes;yes;no
H;H20306;GP;4400700;5672699;201;8,44;44;yes;yes;no
H;H20307;GP;4400700;5673299;228;10,13;2;yes;yes;no
H;H20308;GP;4400800;5672899;198;5,42;56;yes;yes;no
H;H20309;GP;4400799;5673299;230;8,96;6;yes;yes;no
H;H20310;GP;4400900;5667699;181;5,66;356;yes;yes;no
H;H20311;GP;4400901;5673300;233;7,82;339;yes;yes;no
H;H20312;GP;4401201;5673299;233;8,9;209;yes;yes;no
H;H20313;GP;4401300;5673298;236;3,45;149;yes;yes;no
H;H20314;GP;4401600;5673199;228;8,46;100;yes;yes;no
H;H20315;GP;4401699;5667798;175;0,21;264;yes;yes;no
H;H20316;GP;4401699;5672999;205;6,82;220;yes;yes;no
H;H20317;GP;4401799;5667798;175;0,15;336;yes;yes;no
H;H20318;GP;4401799;5673199;212;5,58;134;yes;yes;no
H;H20319;GP;4401899;5667798;175;0,19;9;yes;yes;no
H;H20320;GP;4401998;5667797;175;0,25;357;yes;yes;no
H;H20321;GP;4401999;5673399;222;13,1;167;yes;yes;no
H;H20322;GP;4402099;5667798;175;0,33;1;yes;yes;no
H;H20323;GP;4402099;5673399;223;7,32;221;yes;yes;no
H;H20324;GP;4402999;5669199;176;0,23;213;yes;yes;no
H;H20325;GP;4403099;5669099;176;0,39;31;yes;yes;no
H;H20326;GP;4403101;5672410;231;9,87;294;yes;yes;no
H;H20327;GP;4403199;5669099;176;0,23;6;yes;yes;no
H;H20328;GP;4403300;5668998;176;0,16;122;yes;yes;no
H;H20329;GP;4403299;5669099;176;0,41;261;yes;yes;no
H;H20330;GP;4403400;5668999;176;0,19;292;yes;yes;no
H;H20331;GP;4403400;5669098;176;0,18;24;yes;yes;no
H;H20332;GP;4403400;5669198;176;0,27;60;yes;yes;no
H;H20333;GP;4403502;5672199;229;4,66;150;yes;yes;no
H;H20401;GP;4382701;5666498;323;6,81;183;yes;yes;yes
H;H20402;GP;4382702;5666598;332;5,64;148;yes;yes;yes
H;H20403;GP;4382700;5666799;349;7,48;184;yes;yes;yes
H;H20404;GP;4382703;5666697;337;8,93;121;yes;yes;yes
H;H20405;GP;4382800;5663394;204;13,51;68;yes;yes;yes
H;H20406;GP;4382800;5666397;306;11,26;133;yes;yes;yes
H;H20407;GP;4382805;5666499;309;17,78;80;yes;yes;yes
H;H20408;GP;4382800;5666799;349;8,51;173;yes;yes;yes
H;H20409;GP;4382800;5666699;331;13,49;154;yes;yes;yes
H;H20410;GP;4382901;5663797;203;3,56;151;yes;yes;yes
H;H20411;GP;4382900;5666300;291;19;249;yes;yes;yes
H;H20412;GP;4382899;5666499;309;12,18;231;yes;yes;yes
H;H20413;GP;4382880;5666598;321;14,33;229;yes;yes;yes
H;H20414;GP;4382900;5666799;349;11,37;183;yes;yes;yes
H;H20415;GP;4382904;5666698;335;14,27;269;yes;yes;yes
H;H20416;GP;4382997;5666301;309;14,52;218;yes;yes;yes
H;H20417;GP;4382998;5666401;323;10,8;241;yes;yes;yes
H;H20418;GP;4382999;5666499;331;10,76;243;yes;yes;yes
H;H20419;GP;4383100;5666096;284;17,33;230;yes;yes;yes
H;H20420;GP;4383299;5664798;219;6,43;113;yes;yes;yes
H;H20421;GP;4383598;5667898;297;13,34;262;yes;yes;yes
H;H20422;GP;4383698;5667799;306;12,81;237;yes;yes;yes
H;H20423;GP;4383699;5667897;317;11,4;246;yes;yes;yes
H;H20424;GP;4383799;5667700;310;10,73;227;yes;yes;yes
H;H20425;GP;4383799;5667799;324;10,4;229;yes;yes;yes
H;H20426;EP;4383790;5667898;333;9,45;240;yes;yes;yes
H;H20427;GP;4383900;5667698;318;9,91;181;yes;yes;yes
H;H20428;GP;4383898;5667497;274;9,23;178;yes;yes;yes
H;H20429;GP;4383901;5665900;300;9,33;241;yes;yes;yes
H;H20430;GP;4383900;5666001;308;9,81;247;yes;yes;yes
H;H20431;GP;4383998;5667600;282;9,6;176;yes;yes;yes
H;H20432;GP;4383999;5665798;306;10,5;260;yes;yes;yes
H;H20433;EP;4383979;5665879;310;10,49;236;yes;yes;yes
H;H20434;GP;4384099;5666498;266;7,13;270;yes;yes;yes
H;H20435;GP;4384199;5666399;278;6,28;291;yes;yes;yes
H;H20436;EP;4384319;5666319;293;9,89;267;yes;yes;yes
H;H20437;GP;4384399;5666198;309;8,69;303;yes;yes;yes
H;H20438;EP;4384619;5664180;339;5,96;276;yes;yes;yes
H;H20501;GP;4388998;5665100;341;9,44;330;yes;yes;yes
H;H20502;GP;4389099;5664899;359;2,92;50;yes;yes;yes
H;H20503;GP;4389098;5664999;354;3,76;15;yes;yes;yes
H;H20505;GP;4389799;5665099;323;4,82;114;yes;yes;yes
H;H20507;GP;4389899;5665099;314;7,82;123;yes;yes;yes
H;H20508;EP;4389879;5665219;319;3,31;71;yes;yes;yes
H;H20509;GP;4390000;5666200;273;2,77;19;yes;yes;yes
H;H20510;VIP;4390599;5665418;285;3,68;2;yes;yes;yes
H;H20511;GP;4390599;5665498;279;4,19;354;yes;yes;yes
H;H20512;GP;4390700;5665498;279;3,52;4;yes;yes;yes
H;H20513;GP;4390800;5665499;278;2,54;20;yes;yes;yes
H;H20517;GP;4391601;5666799;254;10,4;346;yes;yes;yes
H;H20518;GP;4391600;5666900;240;5,47;341;yes;yes;yes
H;H20519;GP;4391700;5666799;255;6,36;8;yes;yes;yes
H;H20520;GP;4391700;5666900;242;5,91;351;yes;yes;yes
H;H20521;GP;4389100;5668199;257;1,28;124;yes;yes;yes
H;H20522;GP;4389200;5668198;255;2,58;134;yes;yes;yes
H;H20523;GP;4389299;5668199;251;2,04;114;yes;yes;yes
H;H20524;GP;4389400;5668298;252;2,13;154;yes;yes;yes
H;H20525;GP;4389500;5668298;249;2,67;143;yes;yes;yes
H;H20526;GP;4389599;5668298;246;2,79;137;yes;yes;yes
H;H20527;GP;4396500;5684399;358;3,19;70;yes;yes;yes
H;H20528;GP;4396600;5684399;356;2,62;96;yes;yes;yes
H;H20529;GP;4397001;5684299;349;4,1;46;yes;yes;yes
H;H20530;GP;4397101;5684300;346;2,26;79;yes;yes;yes
H;H20531;GP;4397200;5684299;344;3,21;127;yes;yes;yes
H;H20532;GP;4397400;5684199;342;4,16;56;yes;yes;yes
H;H20533;GP;4395200;5682098;348;2,91;311;yes;yes;yes
H;H20534;GP;4395200;5682198;345;2,63;324;yes;yes;yes
H;H20535;EP;4395199;5682299;341;3,5;319;yes;yes;yes
H;H20537;EP;4395300;5682097;351;2,18;356;yes;yes;yes
H;H20538;GP;4395298;5682399;342;3,07;310;yes;yes;yes
H;H20539;GP;4395400;5682099;354;5,35;323;yes;yes;yes
H;H20541;GP;4395499;5682098;356;3,68;318;yes;yes;yes
H;H20601;GP;4392999;5660700;447;3,37;23;yes;yes;yes
H;H20602;GP;4393000;5660800;443;2,62;48;yes;yes;yes
H;H20603;GP;4393000;5660900;442;2,03;88;yes;yes;yes
H;H20605;GP;4393100;5660800;440;2,82;38;yes;yes;yes
H;H20606;EP;4393100;5660900;438;2,48;106;yes;yes;yes
H;H20607;GP;4393700;5661299;417;1,5;78;yes;yes;yes
H;H20608;GP;4393700;5661397;415;2,08;26;yes;yes;yes
H;H20609;GP;4393700;5661497;411;2,97;10;yes;yes;yes
H;H20610;GP;4393799;5661298;415;1,84;90;yes;yes;yes
H;H20611;GP;4393799;5661397;413;1,92;42;yes;yes;yes
H;H20612;GP;4393799;5661497;410;2,62;19;yes;yes;yes
H;H20613;GP;4394699;5660700;395;3,33;34;yes;yes;yes
H;H20614;GP;4394699;5660800;389;4,25;6;yes;yes;yes
H;H20615;GP;4394999;5660900;375;4,24;349;yes;yes;yes
H;H20616;GP;4395100;5660800;382;2,47;18;yes;yes;yes
H;H20617;GP;4393899;5664500;270;2,64;80;yes;yes;yes
H;H20618;GP;4393900;5664600;268;1,69;33;yes;yes;yes
H;H20619;GP;4394000;5664599;265;2,86;87;yes;yes;yes
H;H20620;GP;4394100;5664698;260;2,75;80;yes;yes;yes
H;H20621;GP;4394099;5664797;259;2,54;74;yes;yes;yes
H;H20622;GP;4394199;5664798;254;1,95;82;yes;yes;yes
H;H20623;GP;4394699;5664100;271;3,4;4;yes;yes;yes
H;H20624;GP;4394699;5664200;265;3,25;10;yes;yes;yes
H;H20625;GP;4394800;5664100;271;3,5;355;yes;yes;yes
H;H20626;GP;4394799;5664199;265;3,51;355;yes;yes;yes
H;H20627;GP;4394899;5664097;271;3,56;1;yes;yes;yes
H;H20628;GP;4394898;5664199;265;3,46;6;yes;yes;yes
H;H20629;GP;4394999;5664097;270;3,94;6;yes;yes;yes
H;H20630;GP;4394997;5664199;264;3,08;1;yes;yes;yes
H;H20631;GP;4395099;5664098;270;3,16;357;yes;yes;yes
H;H20632;GP;4395098;5664198;265;3,5;357;yes;yes;yes
H;H20633;GP;4396699;5663298;274;3,21;8;yes;yes;yes
H;H20634;GP;4396800;5662998;286;2,34;21;yes;yes;yes
H;H20635;GP;4396800;5663298;273;2,78;11;yes;yes;yes
H;H20637;GP;4397000;5663102;280;2,6;19;yes;yes;yes
H;H20701;GP;4386797;5671399;341;4,55;97;yes;yes;yes
H;H20703;GP;4386900;5671400;334;4,53;101;yes;yes;yes
H;H20706;GP;4387009;5671398;325;4,62;104;yes;yes;yes
H;H20707;GP;4386998;5671699;320;4,92;86;yes;yes;yes
H;H20709;GP;4387299;5671799;305;4,27;121;yes;yes;yes
H;H20710;GP;4387400;5671799;299;3,11;71;yes;yes;yes
H;H20711;GP;4387499;5671799;294;3,01;52;yes;yes;yes
H;H20712;GP;4387599;5671799;291;2,85;62;yes;yes;yes
H;H20801;GP;4379999;5678200;472;2,1;338;yes;yes;yes
H;H20802;GP;4379999;5678300;468;2,52;286;yes;yes;yes
H;H20803;GP;4380099;5678200;472;0,77;23;yes;yes;yes
H;H20804;GP;4380100;5678299;471;1,54;261;yes;yes;yes
H;H20805;GP;4380400;5678100;472;0,53;44;yes;yes;yes
H;H20806;GP;4381099;5676299;489;1,37;178;yes;yes;yes
H;H20807;GP;4381199;5676298;489;2,17;226;yes;yes;yes
H;H20808;GP;4381299;5676300;492;2,17;219;yes;yes;yes
H;H20809;GP;4382700;5677100;449;3,49;127;yes;yes;yes
H;H20810;GP;4382701;5677199;450;2,73;107;yes;yes;yes
H;H20811;GP;4382700;5677299;452;1,97;269;yes;yes;yes
H;H20812;GP;4382801;5677199;444;5,09;136;yes;yes;yes
H;H20813;GP;4382900;5676700;472;4,38;339;yes;yes;yes
H;H20814;GP;4382901;5676800;464;5,15;326;yes;yes;yes
H;H20815;GP;4382901;5676898;457;5,71;317;yes;yes;yes
H;H20816;VIP;4382901;5676999;450;5,37;322;yes;yes;yes
H;H20817;GP;4383101;5677099;449;8,74;341;yes;yes;yes
H;H20818;GP;4383100;5677199;436;7,77;347;yes;yes;yes
H;H20819;GP;4384598;5676699;415;2,08;70;yes;yes;yes
H;H20820;GP;4384697;5676698;412;2,04;65;yes;yes;yes
H;H20821;GP;4384799;5677100;404;4,33;17;yes;yes;yes
H;H20822;GP;4384796;5677197;393;8,05;359;yes;yes;yes
H;H20823;GP;4385298;5675399;396;5,43;99;yes;yes;yes
H;H20824;GP;4385398;5675398;386;6,32;125;yes;yes;yes
H;H20825;EP;4385478;5675378;379;6,15;148;yes;yes;yes
H;H20901;GP;4387399;5669197;318;4,91;88;yes;yes;yes
H;H20902;GP;4387500;5668797;323;4,21;91;yes;yes;yes
H;H20903;GP;4387499;5668899;321;3,38;67;yes;yes;yes
H;H20904;GP;4387500;5668997;318;4,4;50;yes;yes;yes
H;H20905;GP;4387498;5669099;313;5,12;41;yes;yes;yes
H;H20906;GP;4387599;5668698;312;6,11;125;yes;yes;yes
H;H22151;EP;4391720;5683400;323;3;184;yes;yes;yes
H;H24761;EP;4392390;5684000;357;1,97;195;yes;yes;yes
H;H2815;EP;4386500;5684220;341;6,32;14;yes;yes;yes
H;H2818;EP;4386520;5684520;331;4,96;45;yes;yes;yes
H;H30102;GP;4388898;5665599;333;4,52;20;yes;yes;yes
H;H30103;GP;4388899;5665697;324;5,94;7;yes;yes;yes
H;H30104;GP;4388998;5665697;323;5,14;13;yes;yes;yes
H;H30105;GP;4389099;5665798;313;5,24;3;yes;yes;yes
H;H30106;GP;4395800;5664298;257;3,87;345;yes;yes;yes
H;H30107;GP;4395801;5664397;251;3,8;329;yes;yes;yes
H;H30108;GP;4395801;5664498;246;4,24;317;yes;yes;yes
H;H30201;GP;4386100;5677498;351;2,57;37;yes;yes;yes
H;H30202;GP;4386100;5677598;347;3,02;32;yes;yes;yes
H;H30203;GP;4386200;5677498;348;2,49;48;yes;yes;yes
H;H30204;GP;4386200;5677598;345;2,59;37;yes;yes;yes
H;H30205;EP;4386299;5677498;345;2,41;52;yes;yes;yes
H;H30206;GP;4386301;5677598;342;2,45;46;yes;yes;yes
H;H30207;GP;4386800;5677699;328;2,24;10;yes;yes;yes
H;H30208;GP;4386800;5677798;324;2,23;8;yes;yes;yes
H;H30209;GP;4386901;5677699;328;1,72;7;yes;yes;yes
H;H30211;GP;4387001;5677699;327;1,33;14;yes;yes;yes
H;H30212;VIP;4386991;5677798;325;1,64;15;yes;yes;yes
H;H30219;GP;4393499;5678197;243;0,94;187;no;yes;no
H;H30220;GP;4393497;5678298;245;1,09;216;no;yes;no
H;H30221;GP;4393498;5678498;247;2,04;220;no;yes;no
H;H30222;GP;4393599;5678199;244;0,86;171;no;yes;no
H;H30223;GP;4393598;5678298;245;1,02;179;no;yes;no
H;H30225;GP;4393699;5678397;247;0,59;207;no;yes;no
H;H30301;GP;4386200;5652599;271;3,32;152;yes;yes;yes
H;H30302;GP;4386200;5652699;276;3,84;168;yes;yes;yes
H;H30303;GP;4386301;5652599;268;3,74;163;yes;yes;yes
H;H30304;GP;4386301;5652700;274;3,52;161;yes;yes;yes
H;H30305;GP;4386399;5652299;250;3,06;152;yes;yes;yes
H;H30306;GP;4386400;5652399;255;3,76;165;yes;yes;yes
H;H30307;GP;4386400;5652600;266;3,37;150;yes;yes;yes
H;H30308;GP;4386401;5652701;272;3,81;161;yes;yes;yes
H;H30309;GP;4386500;5652299;248;4,12;180;yes;yes;yes
H;H30310;GP;4386499;5652398;254;3,03;170;yes;yes;yes
H;H30311;GP;4386599;5652299;247;3,61;173;yes;yes;yes
H;H30312;GP;4386599;5652399;253;3,63;160;yes;yes;yes
H;H30313;GP;4386900;5651500;225;0,37;184;yes;yes;yes
H;H30314;GP;4386900;5651598;227;1,73;172;yes;yes;yes
H;H30315;GP;4387000;5651499;225;0,18;242;yes;yes;yes
H;H30316;GP;4387000;5651597;226;1,66;167;yes;yes;yes
H;H30317;GP;4387100;5651499;226;0,73;322;yes;yes;yes
H;H30318;GP;4387100;5651597;226;1,21;158;yes;yes;yes
H;H30319;GP;4387799;5649600;295;8,88;335;yes;yes;yes
H;H30320;GP;4387900;5649599;300;9,41;345;yes;yes;yes
H;H30321;GP;4388001;5649599;305;9,16;345;yes;yes;yes
H;H30322;GP;4388000;5649898;275;5,23;353;yes;yes;yes
H;H30323;GP;4388000;5649998;267;3,2;2;yes;yes;yes
H;H30324;GP;4388100;5649898;275;4,5;358;yes;yes;yes
H;H30325;GP;4388099;5649998;268;3,55;345;yes;yes;yes
H;H30326;GP;4388200;5649899;276;3,88;358;yes;yes;yes
H;H30327;GP;4388200;5649998;270;2,27;333;yes;yes;yes
H;H30328;GP;4388899;5652100;251;2,48;262;yes;yes;yes
H;H30329;GP;4388998;5652100;254;3,66;205;yes;yes;yes
H;H30330;GP;4389098;5652099;255;4,49;176;yes;yes;yes
H;H30401;GP;4387300;5677699;315;2,22;227;yes;yes;yes
H;H30402;EP;4387397;5676720;310;6;17;yes;yes;yes
H;H30403;GP;4387401;5677599;310;4,02;169;yes;yes;yes
H;H30404;GP;4387497;5676704;309;4,12;16;yes;yes;yes
H;H30406;GP;4387598;5676701;307;3,62;18;yes;yes;yes
H;H30407;GP;4387601;5677600;305;2,61;146;yes;yes;yes
H;H30408;GP;4387698;5676700;304;3,77;31;yes;yes;yes
H;H30409;VIP;4387698;5676785;299;3,02;12;yes;yes;yes
H;H30410;GP;4387799;5676799;298;3,06;11;yes;yes;yes
H;H30411;GP;4387900;5676801;296;2,82;18;yes;yes;yes
H;H30412;GP;4388000;5676798;294;2,17;33;yes;yes;yes
H;H30416;GP;4389102;5677197;257;5,95;60;yes;yes;yes
H;H30417;EP;4389100;5677299;265;4,37;138;yes;yes;yes
H;H30419;GP;4389199;5677298;258;6,79;149;yes;yes;yes
H;H30421;GP;4389300;5677299;254;4,95;130;yes;yes;yes
H;H30422;GP;4389699;5678297;244;4,97;358;yes;yes;yes
H;H30423;GP;4389800;5678297;246;3,2;328;yes;yes;yes
H;H30424;GP;4389900;5677799;247;2,81;141;yes;yes;yes
H;H30425;GP;4390000;5677798;244;4,69;120;yes;yes;yes
H;H30426;GP;4390000;5677899;247;4,08;115;yes;yes;yes
H;H30427;GP;4390100;5677498;236;3,67;341;yes;yes;yes
H;H30428;GP;4390100;5677799;239;2,48;151;yes;yes;yes
H;H30429;GP;4390100;5677899;244;3,41;173;yes;yes;yes
H;H30430;GP;4390100;5677999;248;3,5;162;yes;yes;yes
H;H30431;GP;4390200;5677500;241;9,09;337;yes;yes;yes
H;H30434;GP;4390498;5677999;242;9,18;167;yes;yes;yes
H;H30435;GP;4390498;5678098;248;2,84;35;yes;yes;yes
H;H30437;GP;4390499;5678298;232;4,84;4;yes;yes;yes
H;H30438;GP;4390200;5678101;249;1,21;177;yes;yes;yes
H;H30439;GP;4390299;5678099;249;1,73;139;yes;yes;yes
H;H30501;GP;4385200;5652001;291;4,05;21;yes;yes;yes
H;H30502;GP;4385200;5652100;282;6,05;6;yes;yes;yes
H;H30503;GP;4385300;5651900;293;4,97;23;yes;yes;yes
H;H30504;GP;4385300;5652000;288;3,3;33;yes;yes;yes
H;H30505;GP;4385300;5652100;278;10,4;24;yes;yes;yes
H;H30506;GP;4385400;5651900;290;5,56;28;yes;yes;yes
H;H30507;GP;4385399;5652000;282;6,74;50;yes;yes;yes
H;H30508;GP;4385399;5652099;268;12,22;35;yes;yes;yes
H;H30509;GP;4385499;5651597;296;6,88;107;yes;yes;yes
H;H30510;GP;4385499;5652100;257;5,12;56;yes;yes;yes
H;H30511;GP;4385599;5651699;287;5,51;87;yes;yes;yes
H;H30512;GP;4385699;5651698;277;6,17;101;yes;yes;yes
H;H30513;GP;4385700;5651797;272;6,47;62;yes;yes;yes
H;H30514;GP;4385800;5651797;260;10,4;55;yes;yes;yes
H;H30515;GP;4385900;5651798;248;6,8;67;yes;yes;yes
H;H30517;GP;4387201;5651399;226;1,53;353;yes;yes;yes
H;H30518;GP;4387200;5651499;225;1,05;95;yes;yes;yes
H;H30519;GP;4388500;5652398;248;2,88;162;yes;yes;yes
H;H30520;GP;4388600;5652199;232;3,35;142;yes;yes;yes
H;H30521;GP;4388601;5652299;239;5,39;149;yes;yes;yes
H;H30522;GP;4388600;5652400;244;3,67;108;yes;yes;yes
H;H30523;GP;4388598;5652498;239;8,64;55;yes;yes;yes
H;H30524;GP;4388699;5651999;242;3,46;227;yes;yes;yes
H;H30525;GP;4388701;5652299;233;3,6;133;yes;yes;yes
H;H30528;GP;4388900;5651601;229;0,23;258;yes;yes;yes
H;H30529;GP;4388899;5651699;230;1,32;227;yes;yes;yes
H;H30530;GP;4389000;5651501;229;0,28;295;no;yes;yes
H;H30531;GP;4389000;5671600;247;4,55;169;yes;yes;yes
H;H30532;GP;4389000;5651700;233;4,21;233;yes;yes;yes
H;H30601;GP;4390500;5649300;299;6,07;9;yes;yes;yes
H;H30602;GP;4390500;5649400;290;4,66;6;yes;yes;yes
H;H30604;GP;4390600;5649300;298;5,55;13;yes;yes;yes
H;H30605;GP;4390600;5649400;288;5,85;8;yes;yes;yes
H;H30608;GP;4390700;5650200;235;0,42;275;yes;yes;yes
H;H30609;GP;4390700;5650300;235;0,3;313;yes;yes;yes
H;H30611;GP;4390900;5649100;313;6,61;18;yes;yes;yes
H;H30612;GP;4390900;5649300;292;7,29;11;yes;yes;yes
H;H30613;GP;4390900;5649400;279;6,55;14;yes;yes;yes
H;H30615;EP;4391000;5649100;310;5,14;11;yes;yes;yes
H;H30616;GP;4391000;5649300;290;8,51;12;yes;yes;yes
H;H30617;GP;4391000;5649400;277;6,35;15;yes;yes;yes
H;H30619;GP;4391800;5650200;240;0,17;271;yes;yes;yes
H;H30620;GP;4391900;5650100;240;0,2;294;yes;yes;yes
H;H30621;GP;4391900;5650200;241;2,65;217;yes;yes;yes
H;H30622;GP;4392200;5651500;332;1,23;208;yes;yes;yes
H;H30623;GP;4392200;5651600;334;1,39;202;yes;yes;yes
H;H30624;GP;4392300;5651200;327;1,18;188;yes;yes;yes
H;H30625;GP;4392300;5651300;329;1,16;204;yes;yes;yes
H;H30626;GP;4392300;5651400;331;1,32;206;yes;yes;yes
H;H30627;GP;4392300;5651500;333;1,33;206;yes;yes;yes
H;H30628;GP;4392400;5651300;329;1,23;177;yes;yes;yes
H;H30629;GP;4392400;5651400;331;1,14;188;yes;yes;yes
H;H30630;GP;4392500;5651300;329;1,46;177;yes;yes;yes
H;H30631;GP;4392500;5651400;332;1,32;181;yes;yes;yes
H;H30632;GP;4392800;5650200;242;1,77;207;yes;yes;yes
H;H30633;GP;4392900;5650100;242;0,23;285;yes;yes;yes
H;H30635;GP;4393600;5650300;244;4,77;139;yes;yes;yes
H;H30636;GP;4393700;5650400;248;9,27;149;yes;yes;yes
H;H30637;GP;4393800;5650400;244;1,15;225;yes;yes;yes
H;H30638;GP;4393900;5650500;245;3,55;162;yes;yes;yes
H;H30701;GP;4406099;5653299;263;0,43;328;no;yes;yes
H;H30703;GP;4406299;5653298;263;2,22;254;no;yes;yes
H;H30704;GP;4406399;5653198;263;0,47;222;no;yes;yes
H;H30705;GP;4406500;5653198;263;0,29;228;no;yes;yes
H;H30706;GP;4406600;5653298;264;1,17;185;no;yes;yes
H;H30707;GP;4406700;5653399;265;1,68;144;no;yes;yes
H;H30708;GP;4406801;5653399;264;0,5;121;no;yes;yes
H;H30709;GP;4406901;5653499;265;1,04;158;no;yes;yes
H;H30710;GP;4407001;5653599;265;1,78;145;no;yes;yes
H;H30711;GP;4407101;5653598;265;0,64;176;no;yes;yes
H;H30712;GP;4407200;5653697;265;0,88;147;no;yes;yes
H;H30713;GP;4407300;5653697;265;0,24;194;no;yes;yes
H;H30715;GP;4407400;5653798;266;0,23;136;no;yes;yes
H;H30716;GP;4407501;5653988;268;1,3;175;no;yes;yes
H;H30801;GP;4407100;5665400;171;0,25;173;yes;yes;no
H;H30802;GP;4407200;5665400;171;0,3;158;yes;yes;no
H;H30803;GP;4407300;5665400;171;0,21;83;yes;yes;no
H;H30804;GP;4407400;5665300;171;0,17;236;yes;yes;no
H;H30805;GP;4407500;5665200;171;0,24;228;yes;yes;no
H;H30806;GP;4407500;5665300;171;0,4;170;yes;yes;no
H;H30807;GP;4407600;5665100;170;0,28;207;yes;yes;no
H;H30809;GP;4407800;5665000;170;0,19;208;yes;yes;no
H;H30810;GP;4407800;5665100;170;0,2;224;yes;yes;no
H;H30811;GP;4407900;5665000;171;0,38;207;yes;yes;no
H;H30812;GP;4408000;5664900;170;0,49;196;yes;yes;no
H;H30901;GP;4412697;5675299;273;6,31;14;yes;yes;yes
H;H30902;GP;4412699;5675599;276;6,15;230;yes;yes;yes
H;H30903;GP;4412699;5675697;289;8,09;195;yes;yes;yes
H;H30904;GP;4412799;5673699;299;6,81;48;yes;yes;yes
H;H30906;GP;4412799;5673899;282;8,91;51;yes;yes;yes
H;H30907;GP;4412797;5675300;269;6,35;21;yes;yes;yes
H;H30909;EP;4412899;5673599;301;6,33;38;yes;yes;yes
H;H30910;GP;4412899;5673899;272;5,46;50;yes;yes;yes
H;H30911;GP;4412900;5675200;276;2,15;80;yes;yes;yes
H;H30912;GP;4412999;5673599;291;11,15;44;yes;yes;yes
H;H30913;GP;4412998;5675100;272;4,04;179;yes;yes;yes
H;H30914;GP;4412999;5675200;272;7,43;41;yes;yes;yes
H;H30915;EP;4412998;5675399;276;6,97;200;yes;yes;yes
H;H30916;GP;4413098;5675100;268;5,21;104;yes;yes;yes
H;H30917;GP;4413498;5673299;273;13,63;38;yes;yes;yes
H;H37029;EP;4382400;5655585;311;5,91;210;yes;yes;yes
H;H37447;EP;4382600;5656400;329;2,58;163;yes;yes;yes
H;H40001;GP;4408300;5664000;170;0,32;46;yes;yes;yes
H;H40002;GP;4408400;5664000;170;0,2;40;yes;yes;yes
H;H40101;GP;4379500;5661600;290;7,39;163;yes;yes;yes
H;H40102;GP;4379800;5661500;271;11,59;177;yes;yes;yes
H;H40103;GP;4380200;5661300;206;14,17;165;yes;yes;yes
H;H40104;GP;4380300;5661300;200;12,09;162;yes;yes;yes
H;H40106;GP;4381700;5660600;222;9,28;343;yes;yes;yes
H;H40107;GP;4381800;5660600;225;9,11;359;yes;yes;yes
H;H40108;GP;4386200;5658700;246;9,79;212;yes;yes;yes
H;H40109;GP;4386200;5658900;243;2,29;245;yes;yes;yes
H;H40111;GP;4386300;5658700;254;5,63;246;yes;yes;yes
H;H40112;GP;4386300;5658900;246;2,17;222;yes;yes;yes
H;H40113;GP;4386400;5658600;252;12,2;220;yes;yes;yes
H;H40114;GP;4386400;5658900;248;2,85;203;yes;yes;yes
H;H40117;GP;4386500;5658700;258;10,97;357;yes;yes;yes
H;H40118;GP;4386500;5659300;291;6,34;191;yes;yes;yes
H;H40121;GP;4386600;5658700;260;13,07;352;yes;yes;no
H;H40122;GP;4386800;5659200;283;12,46;116;yes;yes;yes
H;H40123;GP;4386800;5659300;296;12,57;139;yes;yes;yes
H;H40124;GP;4387100;5659100;274;16,13;166;yes;yes;yes
H;H40125;GP;4387700;5658900;279;7,94;9;yes;yes;yes
H;H40126;GP;4387800;5658900;277;6,9;7;yes;yes;yes
H;H40127;GP;4387900;5658900;277;5,95;351;yes;yes;yes
H;H40128;GP;4388000;5658900;278;4,59;331;yes;yes;yes
H;H4580;VIP;4388100;5649700;292;5,11;357;yes;yes;yes
H;H4651;EP;4387020;5681780;290;2,33;161;yes;yes;yes
H;H5053;EP;4387100;5684800;324;1,72;266;yes;yes;yes
H;H8020;EP;4387900;5683900;310;6,77;22;yes;yes;yes
H;H8302;VIP;4389900;5652900;288;4,33;232;yes;yes;yes
H;H8709;VIP;4390100;5652600;286;4,01;217;yes;yes;yes
H;H888;EP;4386015;5677500;353;3,07;17;yes;yes;yes
S;S1000;GP;5431402;5885803;22;0,36;109;yes;yes;yes
S;S1001;GP;5431299;5885800;23;0,64;90;yes;yes;yes
S;S1002;GP;5431300;5885700;24;0,95;140;yes;yes;yes
S;S1003;GP;5431401;5886000;22;0,64;5;yes;yes;yes
S;S1004;GP;5431504;5885998;22;0,8;39;no;yes;yes
S;S1005;GP;5407500;5887600;55;0,22;330;yes;yes;yes
S;S1006;GP;5407499;5887501;55;0,14;73;yes;yes;yes
S;S1007;EP;5407590;5887379;56;0,98;103;yes;yes;yes
S;S1008;GP;5407600;5887900;55;0,16;293;yes;yes;yes
S;S1009;GP;5407600;5888001;55;0,07;13;yes;yes;yes
S;S1010;GP;5407701;5888201;55;0,06;360;yes;yes;yes
S;S1011;GP;5407800;5887999;55;0,06;45;yes;yes;yes
S;S1012;VIP;5407899;5886579;57;0,16;308;yes;yes;yes
S;S1013;GP;5407899;5886501;57;0,18;189;yes;yes;yes
S;S1014;GP;5408100;5886200;57;0,24;96;yes;yes;yes
S;S1015;EP;5408100;5886000;58;0,68;108;yes;yes;yes
S;S1016;GP;5408199;5885901;57;0,15;220;yes;yes;yes
S;S1017;GP;5408199;5885701;58;0;0;no;yes;yes
S;S1018;GP;5408200;5885600;57;0,14;360;no;yes;yes
S;S1019;GP;5434701;5886400;15;0,13;281;yes;yes;yes
S;S1020;GP;5434599;5886400;15;0,14;189;yes;yes;yes
S;S1021;GP;5434501;5886298;15;0,25;167;yes;yes;yes
S;S1022;EP;5434397;5886403;15;0,31;140;yes;yes;yes
S;S1023;GP;5413400;5890902;59;1,34;212;yes;yes;yes
S;S1024;GP;5413600;5891000;59;1,61;188;yes;yes;yes
S;S1025;GP;5413701;5891100;59;0,97;253;yes;yes;yes
S;S1026;GP;5413701;5891201;59;0,89;314;yes;yes;yes
S;S1027;GP;5413219;5890703;60;0,16;108;yes;yes;yes
S;S1028;EP;5431810;5884300;23;1,39;179;yes;yes;yes
S;S1029;VIP;5431100;5884400;23;0,42;146;yes;yes;yes
S;S1033;EP;5423325;5871975;81;1,39;37;yes;yes;yes
S;S1035;EP;5422075;5873350;64;3,33;155;yes;yes;yes
S;S1036;EP;5424911;5889781;51;4,37;199;yes;yes;yes
S;S1039;EP;5424887;5890046;35;2,79;192;yes;yes;yes
S;S1042;EP;5433550;5885000;18;0,96;180;yes;yes;yes
S;S1043;EP;5433051;5884700;19;0,62;229;yes;yes;yes
S;S1044;EP;5411469;5887874;69;2,1;90;yes;yes;yes
S;S1045;EP;5430699;5860281;70;4,01;20;yes;yes;yes
S;S1046;EP;5430641;5860939;67;2,82;207;yes;yes;yes
S;S1047;EP;5430469;5861329;60;1,1;158;yes;yes;yes
S;S1048;EP;5430081;5861490;59;2,35;127;yes;yes;yes
S;S1051;EP;5413600;5888620;63;0,27;260;yes;yes;yes
S;S1052;EP;5416477;5888457;76;3,46;349;yes;yes;yes
S;S501;GP;5432900;5886600;18;0;0;yes;yes;yes
S;S502;EP;5433000;5886510;18;0,67;208;yes;yes;yes
S;S503;GP;5432900;5886501;18;0,09;283;yes;yes;yes
S;S504;GP;5432800;5886500;18;0;0;yes;yes;yes
S;S505;EP;5432691;5886400;18;0;0;yes;yes;yes
S;S506;GP;5432600;5886400;18;0,07;11;yes;yes;yes
S;S507;GP;5432800;5886400;18;0,4;218;yes;yes;yes
S;S508;GP;5432901;5886401;18;0,95;225;yes;yes;yes
S;S511;GP;5432700;5886300;18;1,44;205;yes;yes;yes
S;S512;GP;5432600;5886300;18;1,02;175;yes;yes;yes
S;S513;GP;5432500;5886300;18;0,74;198;yes;yes;yes
S;S514;GP;5432400;5886301;18;0,32;200;yes;yes;yes
S;S515;GP;5432300;5886201;18;0,45;148;no;yes;yes
S;S516;GP;5432400;5886202;18;0,44;203;yes;yes;yes
S;S517;GP;5432500;5886200;19;0,61;245;yes;yes;yes
S;S518;GP;5432600;5886201;20;1,02;218;yes;yes;yes
S;S519;GP;5432700;5886201;21;1,61;206;yes;yes;yes
S;S520;GP;5432599;5886100;21;1,52;242;yes;yes;yes
S;S521;GP;5432500;5886100;19;0,62;228;yes;yes;yes
S;S522;GP;5432400;5886100;19;0,39;193;yes;yes;yes
S;S523;GP;5432300;5886100;19;0,36;167;yes;yes;yes
S;S524;GP;5432300;5886000;20;1,77;169;yes;yes;yes
S;S525;GP;5432400;5886000;20;1,34;178;yes;yes;yes
S;S526;VIP;5432200;5886100;19;0,35;132;yes;yes;yes
S;S527;GP;5432100;5886100;20;0,24;113;yes;yes;yes
S;S528;GP;5431801;5886001;20;0,13;354;yes;yes;yes
S;S529;GP;5431700;5886001;20;0,23;69;yes;yes;yes
S;S531;GP;5431600;5886099;24;1,84;27;yes;yes;yes
S;S532;GP;5431700;5886101;21;2,1;50;yes;yes;yes
S;S533;GP;5431799;5886099;20;0,23;298;yes;yes;yes
S;S534;GP;5431700;5886200;24;3,02;44;yes;yes;yes
S;S535;GP;5431600;5886201;26;1,71;353;yes;yes;yes
S;S536;GP;5431601;5886300;29;1,77;321;yes;yes;yes
S;S537;GP;5431501;5886501;30;0,14;180;yes;yes;yes
S;S538;GP;5431600;5886499;30;0,15;22;no;yes;yes
S;S539;GP;5431600;5886601;30;0,22;250;yes;yes;yes
S;S540;GP;5431599;5886701;30;0,53;139;yes;yes;yes
S;S541;GP;5431505;5886399;30;0,74;336;yes;yes;yes
S;S542;GP;5431500;5886299;27;1,8;340;yes;yes;yes
S;S543;GP;5431500;5886200;25;0,59;333;yes;yes;yes
S;S544;GP;5431401;5886101;25;1,06;8;yes;yes;yes
S;S545;GP;5431500;5885000;25;1,86;16;yes;yes;yes
S;S546;GP;5431600;5885000;23;1,63;35;yes;yes;yes
S;S547;GP;5431599;5884900;21;0,67;32;yes;yes;yes
S;S548;GP;5431700;5884900;21;0,12;162;yes;yes;yes
S;S549;GP;5431300;5884900;22;1,3;44;yes;yes;yes
S;S550;GP;5431400;5884900;22;1,17;353;yes;yes;yes
S;S551;GP;5431699;5885000;22;1,17;14;yes;yes;yes
S;S552;GP;5431599;5884700;21;0;0;yes;yes;yes
S;S553;GP;5431500;5884700;21;0;0;yes;yes;yes
S;S554;GP;5431400;5884601;21;0;0;yes;yes;yes
S;S555;GP;5431299;5884701;21;0,15;110;yes;yes;yes
S;S556;GP;5431300;5884799;21;0,73;49;yes;yes;yes
S;S557;GP;5431400;5884801;21;0,12;180;yes;yes;yes
S;S558;GP;5431000;5884500;23;0,33;117;yes;yes;yes
S;S559;GP;5430900;5884501;23;0,31;113;yes;yes;yes
S;S560;GP;5430801;5884500;24;0,36;115;yes;yes;yes
S;S561;EP;5430800;5884401;24;0,36;115;yes;yes;yes
S;S562;GP;5431099;5885000;25;0,56;140;yes;yes;yes
S;S563;GP;5431000;5885001;26;1,64;169;yes;yes;yes
S;S564;GP;5430901;5885000;26;1,48;180;yes;yes;yes
S;S565;GP;5430801;5885000;26;1,01;172;yes;yes;yes
S;S566;GP;5430700;5885100;26;0,47;105;yes;yes;yes
S;S567;GP;5430601;5885101;27;0,42;109;yes;yes;yes
S;S568;GP;5430600;5885000;27;0,28;122;yes;yes;yes
S;S569;GP;5430800;5885200;26;0,68;26;yes;yes;yes
S;S570;VIP;5431599;5884500;21;0,06;270;yes;yes;yes
S;S571;GP;5431697;5884500;21;0,06;270;yes;yes;yes
S;S572;GP;5431800;5884501;21;0,06;45;yes;yes;yes
S;S573;VIP;5431800;5884600;21;0,06;45;yes;yes;yes
S;S574;GP;5431899;5884600;21;0,22;120;yes;yes;yes
S;S575;GP;5432000;5884600;20;0,19;140;yes;yes;yes
S;S576;GP;5431999;5884500;21;0,23;140;yes;yes;yes
S;S577;GP;5431900;5884500;21;0,22;169;yes;yes;yes
S;S578;GP;5432600;5884601;20;0,27;130;yes;yes;yes
S;S579;GP;5432700;5884599;19;0,36;115;yes;yes;yes
S;S581;GP;5432900;5884700;19;0,55;198;yes;yes;yes
S;S582;GP;5432900;5884600;19;0,58;198;yes;yes;yes
S;S583;GP;5432800;5884700;19;0,33;135;yes;yes;yes
S;S584;GP;5432700;5884701;19;0,35;122;yes;yes;yes
S;S585;GP;5432501;5884600;20;0;0;yes;yes;yes
S;S586;GP;5432400;5884400;21;1,31;181;yes;yes;yes
S;S587;GP;5432400;5884300;24;1,6;190;yes;yes;yes
S;S588;GP;5432499;5884300;24;1,38;173;yes;yes;yes
S;S589;GP;5432500;5884200;27;3,02;173;yes;yes;yes
S;S590;GP;5432400;5884201;27;2,09;193;yes;yes;yes
S;S591;GP;5432300;5884200;26;1,99;201;yes;yes;yes
S;S592;GP;5432200;5884200;25;2,31;195;yes;yes;yes
S;S593;GP;5432300;5884300;23;1,52;206;yes;yes;yes
S;S594;GP;5430900;5884400;23;0,36;115;yes;yes;yes
S;S595;GP;5430900;5884300;24;0,31;140;yes;yes;yes
S;S596;GP;5430800;5884300;24;0,36;115;yes;yes;yes
S;S597;GP;5430400;5884900;28;0,55;210;no;yes;yes
S;S598;GP;5430300;5884900;27;0,32;120;yes;yes;yes
S;S599;GP;5430200;5884900;28;0,56;28;yes;yes;yes
S;S600;GP;5430200;5885000;29;1,14;19;yes;yes;yes
S;S601;GP;5430300;5885000;29;1,11;8;yes;yes;yes
S;S602;GP;5429700;5884800;32;1,66;4;yes;yes;yes
S;S603;GP;5429700;5884701;30;0,19;293;yes;yes;yes
S;S604;GP;5429801;5884701;30;0,29;117;yes;yes;yes
S;S605;GP;5429800;5884601;30;0,1;32;yes;yes;yes
S;S606;GP;5429900;5884700;29;0,72;104;yes;yes;yes
S;S607;GP;5429900;5884801;29;1,04;54;yes;yes;yes
S;S608;GP;5430000;5884800;28;0,7;56;yes;yes;yes
S;S609;GP;5430000;5884700;28;0,6;135;yes;yes;yes
S;S610;GP;5430100;5884802;27;0,16;18;yes;yes;yes
S;S611;GP;5434899;5886502;16;0,14;22;yes;yes;yes
S;S612;EP;5434900;5886600;16;0,18;29;yes;yes;yes
S;S613;GP;5434800;5886601;16;0,24;301;yes;yes;yes
S;S614;GP;5434800;5886701;16;0,29;306;yes;yes;yes
S;S615;GP;5434700;5886701;16;0,29;306;yes;yes;yes
S;S616;GP;5434700;5886601;15;0,29;306;yes;yes;yes
S;S617;GP;5434600;5886600;15;0,29;306;yes;yes;yes
S;S618;GP;5434600;5886500;15;0,25;306;yes;yes;yes
S;S619;GP;5434699;5886500;15;0,26;297;yes;yes;yes
S;S620;GP;5434800;5886500;15;0,3;308;yes;yes;yes
S;S621;GP;5434500;5886201;15;0,29;155;yes;yes;yes
S;S622;GP;5434400;5886201;16;0,33;135;yes;yes;yes
S;S623;GP;5434301;5886101;16;0,29;144;yes;yes;yes
S;S624;GP;5434200;5886101;17;0,19;146;yes;yes;yes
S;S625;GP;5434101;5886000;17;0,06;45;yes;yes;yes
S;S626;GP;5434199;5885999;17;0,03;18;yes;yes;yes
S;S627;GP;5434100;5886300;17;0,88;88;yes;yes;yes
S;S628;GP;5434100;5886201;17;0,78;77;yes;yes;yes
S;S629;GP;5434101;5886100;17;0,27;87;yes;yes;yes
S;S630;GP;5434200;5886200;16;0,28;140;yes;yes;yes
S;S631;GP;5434200;5886301;16;0,39;99;yes;yes;yes
S;S632;GP;5434200;5886501;16;0,51;103;yes;yes;yes
S;S633;GP;5434200;5886600;16;0,54;103;no;yes;yes
S;S634;GP;5434200;5886700;15;0,53;96;yes;yes;yes
S;S635;GP;5434100;5886700;16;0,52;90;yes;yes;yes
S;S636;GP;5434000;5886700;17;0,23;90;yes;yes;yes
S;S637;GP;5434000;5886800;17;0,06;45;yes;yes;yes
S;S638;GP;5434100;5886800;17;0,47;60;yes;yes;yes
S;S639;GP;5434000;5886899;17;0,13;11;yes;yes;yes
S;S640;GP;5434100;5886601;16;0,46;116;yes;yes;yes
S;S641;GP;5434500;5887101;15;0,19;220;yes;yes;yes
S;S642;GP;5434400;5887101;15;0,09;38;yes;yes;yes
S;S643;GP;5434300;5887100;16;0,82;62;yes;yes;yes
S;S644;GP;5434201;5887100;17;0,23;67;yes;yes;yes
S;S645;GP;5434200;5887001;17;0,5;69;yes;yes;yes
S;S646;GP;5434300;5887001;15;0,61;74;yes;yes;yes
S;S647;GP;5434399;5887000;15;0,23;230;yes;yes;yes
S;S648;GP;5434500;5887001;15;0,21;225;yes;yes;yes
S;S649;GP;5434600;5887000;16;0,19;220;yes;yes;yes
S;S650;GP;5434599;5886900;16;0,17;270;yes;yes;yes
S;S651;GP;5434400;5887299;16;0,5;70;yes;yes;yes
S;S652;VIP;5434320;5887310;16;0,43;90;yes;yes;yes
S;S653;GP;5434300;5887400;16;0,39;99;yes;yes;yes
S;S654;GP;5434200;5887400;17;0,1;113;yes;yes;yes
S;S655;GP;5434100;5887400;17;0,1;84;yes;yes;yes
S;S656;GP;5434100;5887299;17;0,1;113;yes;yes;yes
S;S657;GP;5434200;5887300;17;0;0;yes;yes;yes
S;S658;EP;5433780;5886810;19;0,6;93;yes;yes;yes
S;S659;GP;5433700;5886800;20;0,5;80;yes;yes;yes
S;S660;GP;5433600;5886800;20;0,42;74;yes;yes;yes
S;S661;GP;5433700;5886501;19;0,46;116;yes;yes;yes
S;S662;GP;5433600;5886500;20;0,31;67;yes;yes;yes
S;S663;GP;5433500;5886499;20;0,14;342;yes;yes;yes
S;S664;GP;5433500;5886600;20;0,14;337;yes;yes;yes
S;S665;GP;5433400;5886600;20;0,21;277;yes;yes;yes
S;S666;GP;5433300;5886601;20;0,35;265;yes;yes;yes
S;S667;VIP;5433200;5886600;19;0,35;275;yes;yes;yes
S;S668;GP;5433200;5886700;19;0,36;261;yes;yes;yes
S;S669;GP;5433300;5886700;20;0,33;261;yes;yes;yes
S;S670;GP;5433599;5886599;20;0,4;72;yes;yes;yes
S;S671;GP;5433700;5886600;19;0,54;77;yes;yes;yes
S;S672;GP;5433699;5886700;19;0,5;80;yes;yes;yes
S;S673;GP;5433800;5886394;19;0,52;153;yes;yes;yes
S;S674;GP;5433699;5886300;20;0,37;141;yes;yes;yes
S;S675;GP;5433800;5888400;17;0,11;337;yes;yes;yes
S;S676;EP;5433800;5888491;17;0,12;360;yes;yes;yes
S;S677;GP;5433701;5888500;17;0,17;337;no;yes;yes
S;S678;GP;5433700;5888400;17;0,12;360;yes;yes;yes
S;S679;GP;5433600;5888101;17;0,1;276;yes;yes;yes
S;S680;GP;5433700;5888100;17;0,09;360;yes;yes;yes
S;S681;GP;5433700;5888200;17;0,06;360;yes;yes;yes
S;S682;GP;5433600;5888201;17;0,14;293;yes;yes;yes
S;S683;GP;5433500;5888201;17;0,25;108;yes;yes;yes
S;S684;GP;5433500;5888302;17;0,08;35;yes;yes;yes
S;S685;GP;5433500;5888400;17;0,15;56;yes;yes;yes
S;S686;GP;5433401;5888402;17;0,19;72;yes;yes;yes
S;S687;GP;5433401;5888500;18;1,11;14;yes;yes;yes
S;S688;GP;5433399;5888602;22;1,92;274;no;yes;yes
S;S689;GP;5422000;5891300;68;1,04;271;yes;yes;yes
S;S690;EP;5421900;5891300;67;0,16;27;yes;yes;yes
S;S691;GP;5421900;5891400;67;1,75;170;yes;yes;yes
S;S692;GP;5422000;5891400;66;1,94;179;yes;yes;yes
S;S693;GP;5422099;5891399;68;5,87;193;yes;yes;yes
S;S694;GP;5422100;5891500;62;2,88;198;yes;yes;yes
S;S695;GP;5422100;5891600;58;3,75;188;yes;yes;yes
S;S696;GP;5422200;5891600;57;4,99;111;yes;yes;yes
S;S697;GP;5422200;5891501;59;6,38;125;yes;yes;yes
S;S698;EP;5422220;5891400;63;4,68;101;yes;yes;yes
S;S699;GP;5422200;5891300;69;5,72;110;yes;yes;yes
S;S700;GP;5422200;5891200;66;4,02;15;yes;yes;yes
S;S701;EP;5422001;5891720;59;2,44;82;yes;yes;yes
S;S702;GP;5422000;5891800;59;2,73;162;yes;yes;yes
S;S703;GP;5422000;5891900;48;6,29;173;yes;yes;yes
S;S704;GP;5422100;5891800;55;5,32;129;yes;yes;yes
S;S705;GP;5422100;5891700;52;3,53;78;yes;yes;yes
S;S706;EP;5433121;5887501;18;1,11;65;yes;yes;yes
S;S707;GP;5433100;5887401;18;0,55;33;yes;yes;yes
S;S708;GP;5433099;5887301;18;0,37;251;yes;yes;yes
S;S709;GP;5433201;5887597;18;0,91;279;yes;yes;yes
S;S710;GP;5433201;5887501;18;0,7;277;yes;yes;yes
S;S711;GP;5433200;5887300;18;0,3;265;yes;yes;yes
S;S712;VIP;5433300;5887300;19;0,35;270;yes;yes;yes
S;S713;GP;5433400;5887300;20;0,39;279;yes;yes;yes
S;S714;GP;5433400;5887400;20;0,28;253;yes;yes;yes
S;S715;GP;5420801;5871600;69;1,39;214;yes;yes;yes
S;S716;GP;5420700;5871600;69;1,65;175;no;yes;yes
S;S717;GP;5420700;5871701;68;0,26;211;no;yes;yes
S;S718;GP;5420800;5871700;68;0,88;254;yes;yes;yes
S;S719;EP;5420800;5871820;68;0,65;262;yes;yes;yes
S;S720;GP;5420800;5871900;68;0,71;255;no;yes;yes
S;S721;GP;5420900;5871801;69;0,93;262;no;yes;yes
S;S722;GP;5420100;5871100;65;0;0;yes;yes;yes
S;S723;GP;5420200;5871100;65;0,04;353;yes;yes;yes
S;S724;GP;5420299;5871100;65;0,74;206;yes;yes;yes
S;S725;GP;5420300;5871201;65;0;0;yes;yes;yes
S;S726;GP;5420400;5871200;66;1,94;264;yes;yes;yes
S;S727;GP;5420400;5871300;66;1,37;276;yes;yes;yes
S;S728;GP;5420299;5871301;65;0,03;2;yes;yes;yes
S;S729;GP;5420201;5871200;65;0;0;yes;yes;yes
S;S730;GP;5422200;5874900;60;0,77;107;yes;yes;yes
S;S731;GP;5422300;5875100;62;0,56;23;yes;yes;yes
S;S732;EP;5422400;5873220;75;3,55;192;yes;yes;yes
S;S733;GP;5422500;5873001;82;5,59;156;yes;yes;yes
S;S734;GP;5422401;5873000;85;3,12;146;yes;yes;yes
S;S735;GP;5422400;5872900;89;1,59;192;yes;yes;yes
S;S736;GP;5422500;5872900;90;2,25;192;yes;yes;yes
S;S737;GP;5422600;5872901;92;8,49;198;yes;yes;yes
S;S738;EP;5422710;5872920;86;8,09;145;yes;yes;yes
S;S739;GP;5422800;5872900;81;6,85;141;yes;yes;yes
S;S740;GP;5422900;5873001;75;0,25;336;yes;yes;yes
S;S741;GP;5422800;5873100;75;0,22;330;yes;yes;yes
S;S742;GP;5422703;5873101;75;0,17;9;yes;yes;yes
S;S743;GP;5420900;5872699;74;4,82;28;yes;yes;yes
S;S744;GP;5420899;5872800;72;7,38;98;yes;yes;yes
S;S745;GP;5420900;5872900;80;5,57;321;yes;yes;yes
S;S746;GP;5421000;5872900;81;8,05;113;yes;yes;yes
S;S747;GP;5421000;5872800;74;7,28;340;yes;yes;yes
S;S748;GP;5421001;5873000;85;7,38;356;no;yes;yes
S;S749;GP;5421200;5872900;88;5,43;305;yes;yes;yes
S;S750;GP;5421400;5873000;79;6,27;22;yes;yes;yes
S;S751;GP;5421300;5873000;85;5,67;73;yes;yes;yes
S;S752;GP;5421200;5873000;88;4,93;240;yes;yes;yes
S;S753;GP;5432300;5884900;20;0,11;225;yes;yes;yes
S;S754;GP;5432400;5884999;20;0,24;85;yes;yes;yes
S;S755;GP;5432500;5885000;20;0,23;50;yes;yes;yes
S;S756;GP;5432600;5885100;20;0,29;45;yes;yes;yes
S;S757;GP;5432700;5885100;19;0,25;13;no;yes;yes
S;S758;GP;5432701;5885000;19;0,21;45;yes;yes;yes
S;S759;GP;5432800;5885101;19;0,44;71;yes;yes;yes
S;S760;GP;5432800;5885002;19;0,27;40;yes;yes;yes
S;S761;EP;5432880;5885000;18;0,72;92;yes;yes;yes
S;S762;GP;5432900;5884900;18;0,44;87;yes;yes;yes
S;S763;GP;5432600;5885200;20;0,18;29;no;yes;yes
S;S764;GP;5432700;5885200;20;0,23;360;yes;yes;yes
S;S765;GP;5432700;5885300;20;0,77;9;yes;yes;yes
S;S766;GP;5432798;5885303;19;0,94;59;yes;yes;yes
S;S767;GP;5423000;5872500;82;3,08;66;yes;yes;yes
S;S768;GP;5422900;5872501;85;1,34;341;yes;yes;yes
S;S769;GP;5422800;5872500;85;1,01;32;yes;yes;yes
S;S770;EP;5422780;5872600;89;2,47;20;yes;yes;yes
S;S771;GP;5422700;5872600;90;2,59;39;yes;yes;yes
S;S772;GP;5422900;5872600;85;2,27;91;yes;yes;yes
S;S773;GP;5423000;5872700;84;2,11;6;yes;yes;yes
S;S774;GP;5423100;5872700;84;3,45;122;yes;yes;yes
S;S775;GP;5423100;5872800;76;4,02;164;yes;yes;yes
S;S776;GP;5423100;5872400;83;2,79;181;yes;yes;yes
S;S777;GP;5423000;5872400;82;2,56;198;yes;yes;yes
S;S778;GP;5421199;5872400;72;2,35;181;yes;yes;yes
S;S779;EP;5421300;5872420;73;1,67;249;yes;yes;yes
S;S780;EP;5421100;5872700;70;1,74;328;yes;yes;yes
S;S781;GP;5421200;5872700;71;3,26;19;yes;yes;yes
S;S782;GP;5421200;5872800;81;7,57;2;yes;yes;yes
S;S783;GP;5421299;5872800;73;5,63;47;yes;yes;yes
S;S784;GP;5421400;5872800;71;3,12;247;yes;yes;yes
S;S785;GP;5421500;5872800;75;4,28;207;yes;yes;yes
S;S786;GP;5421500;5872701;76;2,67;289;yes;yes;yes
S;S787;GP;5421600;5872701;80;1,47;239;yes;yes;yes
S;S788;GP;5421400;5872700;73;3,51;252;yes;yes;yes
S;S789;GP;5421300;5872700;70;0,49;131;yes;yes;yes
S;S790;GP;5420600;5870801;78;9,03;321;yes;yes;yes
S;S791;GP;5420700;5870800;89;10,29;344;yes;yes;yes
S;S792;GP;5420700;5870900;91;5,32;187;yes;yes;yes
S;S793;GP;5421399;5870596;74;2,35;16;no;yes;yes
S;S794;GP;5421400;5870501;74;2,67;178;yes;yes;yes
S;S795;GP;5421300;5870500;74;3,28;154;yes;yes;yes
S;S796;GP;5421300;5870400;77;1,14;333;yes;yes;yes
S;S797;GP;5421500;5870401;77;0,48;172;yes;yes;yes
S;S798;GP;5421500;5870500;75;3,01;210;yes;yes;yes
S;S799;GP;5421600;5873400;70;3,34;130;no;yes;yes
S;S800;GP;5421499;5873399;77;5,82;115;yes;yes;yes
S;S801;EP;5421400;5873401;84;4,99;157;yes;yes;yes
S;S802;GP;5421299;5873301;97;3,97;219;yes;yes;yes
S;S803;GP;5427600;5871201;65;1,35;341;no;yes;yes
S;S804;GP;5427599;5871100;63;1,63;314;yes;yes;yes
S;S805;GP;5427500;5871101;63;0,95;55;yes;yes;yes
S;S806;GP;5426400;5870699;65;0;0;yes;yes;yes
S;S807;GP;5426300;5870700;65;0;0;yes;yes;yes
S;S808;GP;5426099;5870700;65;0,55;8;yes;yes;yes
S;S809;GP;5426201;5870602;65;0;0;yes;yes;yes
S;S810;GP;5426301;5870601;65;0;0;yes;yes;yes
S;S811;GP;5426400;5870601;65;0;0;yes;yes;yes
S;S812;GP;5426500;5870602;65;0,22;298;yes;yes;yes
S;S813;GP;5426501;5870499;65;1,21;96;yes;yes;yes
S;S814;GP;5426500;5870400;65;0,14;13;yes;yes;yes
S;S815;GP;5426500;5870302;65;0;0;yes;yes;yes
S;S816;GP;5426501;5871500;71;2,74;103;yes;yes;yes
S;S817;GP;5426400;5871500;80;3,09;107;yes;yes;yes
S;S818;GP;5426300;5871500;80;0,3;324;yes;yes;yes
S;S819;GP;5426200;5871601;80;0,35;141;yes;yes;yes
S;S820;GP;5426100;5871600;81;2,15;359;yes;yes;yes
S;S821;GP;5426100;5871700;84;3,22;103;yes;yes;yes
S;S822;GP;5426200;5871700;80;0,93;99;yes;yes;yes
S;S823;GP;5426299;5871701;80;0,22;26;yes;yes;yes
S;S824;GP;5425900;5871500;74;6,8;302;yes;yes;yes
S;S825;GP;5425800;5871500;66;3,85;327;yes;yes;yes
S;S826;GP;5425700;5871501;65;0,36;177;yes;yes;yes
S;S827;GP;5425700;5871601;68;5,38;333;yes;yes;yes
S;S828;GP;5425500;5871600;65;0,69;24;yes;yes;yes
S;S829;GP;5425400;5871600;65;0,22;142;yes;yes;yes
S;S830;GP;5425800;5871400;65;0,5;154;yes;yes;yes
S;S831;GP;5425900;5871400;68;4,99;287;yes;yes;yes
S;S835;GP;5433101;5885299;17;0,52;344;yes;yes;yes
S;S836;GP;5433100;5885201;17;0,54;167;yes;yes;yes
S;S837;GP;5433201;5885300;17;0,61;343;yes;yes;yes
S;S838;GP;5433300;5885300;18;0,61;343;yes;yes;yes
S;S839;GP;5433400;5885500;18;0,48;101;yes;yes;yes
S;S840;GP;5433399;5885399;18;0,39;98;yes;yes;yes
S;S841;GP;5424200;5891100;20;0,47;81;yes;yes;yes
S;S842;GP;5424100;5891100;20;0,11;260;yes;yes;yes
S;S843;GP;5424000;5891100;20;0,11;72;yes;yes;yes
S;S844;GP;5423900;5891101;20;0,51;285;yes;yes;yes
S;S845;GP;5423800;5891200;19;0,96;196;yes;yes;yes
S;S846;GP;5423900;5891200;20;0,51;206;yes;yes;yes
S;S847;GP;5424000;5891200;20;0,3;67;yes;yes;yes
S;S848;GP;5424000;5891000;20;0,18;314;yes;yes;yes
S;S849;GP;5424100;5891000;20;0,26;33;yes;yes;yes
S;S850;EP;5422510;5887679;60;3,88;133;yes;yes;yes
S;S851;GP;5422500;5887800;50;4,92;134;yes;yes;yes
S;S852;GP;5422500;5888100;40;5,69;197;yes;yes;yes
S;S853;GP;5422600;5888000;45;3,42;115;yes;yes;yes
S;S854;GP;5422399;5887998;42;5,84;224;yes;yes;yes
S;S855;GP;5422400;5887900;49;2,78;204;yes;yes;yes
S;S856;GP;5422901;5888500;30;0,31;283;yes;yes;yes
S;S857;GP;5422800;5888500;30;0,73;83;yes;yes;yes
S;S858;GP;5422701;5888500;32;1,26;47;yes;yes;yes
S;S859;GP;5422600;5888500;34;1,58;53;yes;yes;yes
S;S860;GP;5422600;5888400;32;0,73;76;yes;yes;yes
S;S861;GP;5422501;5888400;33;0,99;26;yes;yes;yes
S;S862;GP;5422699;5888698;32;2,78;61;yes;yes;yes
S;S863;GP;5422799;5888700;30;0,76;194;yes;yes;yes
S;S864;GP;5422800;5888600;30;0,72;167;yes;yes;yes
S;S865;GP;5422700;5888600;32;1,61;130;yes;yes;yes
S;S866;GP;5423001;5888400;30;0,62;219;yes;yes;yes
S;S867;GP;5422900;5888401;30;0,12;4;yes;yes;yes
S;S868;GP;5422901;5888300;30;0,02;360;yes;yes;yes
S;S869;GP;5422800;5888301;30;0,7;105;yes;yes;yes
S;S870;GP;5422600;5888300;33;0,44;66;no;yes;yes
S;S871;GP;5422501;5888300;33;0,44;69;no;yes;yes
S;S872;GP;5432900;5885100;18;0,88;94;no;yes;yes
S;S873;GP;5433000;5885000;18;0,46;244;yes;yes;yes
S;S874;GP;5433000;5884900;18;0,47;240;yes;yes;yes
S;S875;GP;5433100;5884900;19;0,41;250;yes;yes;yes
S;S876;GP;5433100;5885000;18;0,42;236;yes;yes;yes
S;S877;GP;5433001;5885100;17;0,42;244;yes;yes;yes
S;S878;GP;5433000;5885200;17;0,28;211;yes;yes;yes
S;S879;GP;5433401;5885300;18;0,39;352;yes;yes;yes
S;S880;GP;5433500;5885202;17;0,42;1;yes;yes;yes
S;S881;GP;5426000;5886700;61;0,22;229;no;yes;yes
S;S882;GP;5425899;5886600;61;0,1;302;yes;yes;yes
S;S883;GP;5426000;5886600;61;0,2;298;yes;yes;yes
S;S884;GP;5426100;5886600;61;0,39;290;yes;yes;yes
S;S885;GP;5426200;5886500;61;1,45;9;no;yes;yes
S;S886;GP;5426200;5886400;59;0,7;26;yes;yes;yes
S;S887;GP;5426200;5886200;59;0,54;209;yes;yes;yes
S;S888;GP;5426300;5886200;60;0,36;203;yes;yes;yes
S;S889;GP;5426300;5886301;60;2,13;315;no;yes;yes
S;S890;GP;5426201;5886601;62;1,63;248;no;yes;yes
S;S891;GP;5416300;5888500;68;1,91;29;yes;yes;yes
S;S892;GP;5416200;5888500;72;4,71;149;yes;yes;yes
S;S893;GP;5416100;5888400;71;6,85;356;yes;yes;yes
S;S894;GP;5416001;5888400;69;3,45;304;yes;yes;yes
S;S895;GP;5416001;5888501;65;2,31;195;yes;yes;yes
S;S896;GP;5416100;5888600;65;1,05;294;yes;yes;yes
S;S897;GP;5416400;5888700;71;3,48;15;yes;yes;yes
S;S898;GP;5416400;5888801;75;6,68;111;yes;yes;yes
S;S899;GP;5416600;5888799;73;7,82;96;yes;yes;yes
S;S900;GP;5416700;5888800;65;1,55;356;yes;yes;yes
S;S901;GP;5416599;5888599;68;3,64;120;yes;yes;yes
S;S902;GP;5416500;5888500;76;2,31;151;yes;yes;yes
S;S903;GP;5416301;5888600;70;1,01;242;yes;yes;yes
S;S904;GP;5416501;5888701;70;1,42;12;yes;yes;yes
S;S905;GP;5416501;5888600;71;1,64;196;yes;yes;yes
S;S906;GP;5416400;5888400;70;2,43;298;yes;yes;yes
S;S907;GP;5416400;5888300;70;0,69;230;yes;yes;yes
S;S908;GP;5416601;5888300;73;3,33;55;yes;yes;yes
S;S909;GP;5416600;5888399;69;2,34;275;yes;yes;yes
S;S910;GP;5416700;5888401;72;5,49;5;yes;yes;yes
S;S911;GP;5416701;5888501;73;6,16;161;yes;yes;yes
S;S912;GP;5416800;5888500;70;2,24;154;yes;yes;yes
S;S913;GP;5418900;5887100;56;2,21;173;yes;yes;yes
S;S914;GP;5419000;5887199;55;0,1;113;yes;yes;yes
S;S915;GP;5419100;5887200;55;0,23;197;yes;yes;yes
S;S916;GP;5419199;5887199;55;0,84;27;yes;yes;yes
S;S917;GP;5419300;5887299;55;0,2;245;yes;yes;yes
S;S918;GP;5419401;5887299;55;1,1;42;yes;yes;yes
S;S919;GP;5419300;5887200;56;6,01;204;yes;yes;yes
S;S920;GP;5419500;5887599;54;0,83;122;yes;yes;yes
S;S921;GP;5419099;5887298;55;0;0;yes;yes;yes
S;S922;GP;5419000;5887300;55;0,06;270;yes;yes;yes
S;S923;GP;5418900;5887300;55;0,17;248;yes;yes;yes
S;S924;GP;5422000;5892800;21;2,68;122;yes;yes;yes
S;S925;GP;5422200;5892800;20;0,13;165;yes;yes;yes
S;S926;GP;5421100;5893900;22;0,22;312;yes;yes;yes
S;S927;GP;5421200;5893900;23;0,07;53;yes;yes;yes
S;S928;GP;5421200;5893800;23;0,02;360;yes;yes;yes
S;S929;GP;5421300;5893799;23;0;0;yes;yes;yes
S;S930;GP;5421400;5893800;23;0;0;yes;yes;yes
S;S931;GP;5421499;5893800;22;0,17;80;yes;yes;yes
S;S932;GP;5421600;5893700;22;0,27;156;yes;yes;yes
S;S933;GP;5421600;5893600;22;0,51;6;yes;yes;yes
S;S934;GP;5421600;5893499;21;0,58;356;yes;yes;yes
S;S935;GP;5421500;5893600;22;0,51;8;yes;yes;yes
S;S936;GP;5422900;5893201;21;1,02;46;yes;yes;yes
S;S937;GP;5422800;5893200;22;1,28;13;yes;yes;yes
S;S938;GP;5422701;5893201;22;1,41;360;yes;yes;yes
S;S939;GP;5422700;5893100;20;0,4;9;yes;yes;yes
S;S940;GP;5422700;5892901;20;0,09;45;yes;yes;yes
S;S941;GP;5422600;5893100;20;0,66;356;yes;yes;yes
S;S942;GP;5422500;5893200;21;0,56;227;yes;yes;yes
S;S943;GP;5434800;5884100;52;9,39;4;yes;yes;yes
S;S944;GP;5434800;5884201;55;1,23;139;yes;yes;yes
S;S945;GP;5434799;5884300;59;5,04;43;yes;yes;yes
S;S946;GP;5434797;5884401;59;5,45;141;yes;yes;yes
S;S947;GP;5434700;5884400;62;4,81;347;yes;yes;yes
S;S948;GP;5434600;5884102;37;3,54;313;yes;yes;yes
S;S949;GP;5434600;5884200;44;7,91;303;yes;yes;yes
S;S950;GP;5434401;5884300;34;10,72;4;yes;yes;yes
S;S951;GP;5434296;5884299;37;11,3;9;yes;yes;yes
S;S952;GP;5434202;5884201;34;9,59;29;yes;yes;yes
S;S953;GP;5434699;5884301;58;3,22;323;yes;yes;yes
S;S954;GP;5434899;5884201;42;10,61;112;yes;yes;yes
S;S955;GP;5434901;5884301;43;10,6;55;yes;yes;yes
S;S956;GP;5426000;5886499;61;0,24;296;yes;yes;yes
S;S957;GP;5425900;5886500;60;0,14;337;yes;yes;yes
S;S958;GP;5425801;5886701;60;0,21;238;yes;yes;yes
S;S959;GP;5425800;5886499;60;0,15;315;yes;yes;yes
S;S960;GP;5425801;5886400;60;0,12;337;yes;yes;yes
S;S961;GP;5425700;5886400;60;0,03;353;no;yes;yes
S;S962;GP;5423801;5888700;45;0,99;222;yes;yes;yes
S;S963;GP;5423900;5888700;45;0,55;296;yes;yes;yes
S;S964;GP;5423900;5888600;45;0,28;67;yes;yes;yes
S;S965;GP;5423700;5888596;46;2,57;114;yes;yes;yes
S;S966;GP;5423601;5888498;49;2,4;279;yes;yes;yes
S;S967;GP;5423699;5888497;48;2,69;134;yes;yes;yes
S;S968;GP;5423801;5888498;45;1,16;113;yes;yes;yes
S;S969;GP;5423800;5888400;47;2,18;164;yes;yes;yes
S;S970;GP;5423702;5888398;50;1,35;109;yes;yes;yes
S;S971;GP;5423600;5888398;50;2,41;229;yes;yes;yes
S;S972;GP;5423602;5888298;59;6,56;219;yes;yes;yes
S;S973;GP;5423503;5888299;48;4,63;281;yes;yes;yes
S;S974;EP;5423303;5888389;40;0,98;317;yes;yes;yes
S;S975;GP;5423202;5888398;40;1,56;270;yes;yes;yes
S;S976;GP;5423600;5888199;48;8,18;344;yes;yes;yes
S;S977;GP;5423699;5888197;46;5,1;0;yes;yes;yes
S;S978;GP;5423699;5888298;52;4,37;84;yes;yes;yes
S;S979;GP;5407400;5886500;56;1,24;264;yes;yes;yes
S;S980;EP;5407400;5886591;55;0,82;347;yes;yes;yes
S;S981;GP;5407401;5886700;58;2,41;19;yes;yes;yes
S;S982;GP;5407300;5886701;58;1,04;313;yes;yes;yes
S;S983;GP;5407300;5887100;55;0,14;118;yes;yes;yes
S;S984;GP;5407200;5887000;55;0,11;342;yes;yes;yes
S;S985;GP;5407300;5886500;55;0,16;138;yes;yes;yes
S;S986;GP;5407200;5886600;56;0,82;322;yes;yes;yes
S;S987;GP;5407200;5886700;56;1,01;290;yes;yes;yes
S;S988;EP;5407120;5886900;55;0,55;220;yes;yes;yes
S;S989;GP;5407099;5887000;55;0;0;yes;yes;yes
S;S990;VIP;5407200;5886001;57;0;0;yes;yes;yes
S;S991;GP;5407300;5886000;57;0;0;yes;yes;yes
S;S992;GP;5407200;5886100;57;0,07;67;yes;yes;yes
S;S993;GP;5407000;5886000;57;0;0;yes;yes;yes
S;S995;EP;5406801;5885900;58;1,02;129;yes;yes;yes
S;S996;GP;5407100;5885899;57;0,02;360;yes;yes;yes
S;S997;GP;5431799;5885899;20;0,53;213;yes;yes;yes
S;S998;GP;5431500;5885899;22;0,64;74;yes;yes;yes
S;S999;EP;5431400;5885889;22;0,26;102;yes;yes;yes
